product_number,name,status,excluded_reason,evidence_json,product_url
00-1000-028,【WEB限定】くうぴい絵本セット【BOX付き】,EXCLUDED,WEB_EXCLUSIVE,"[{""reason"":""WEB_EXCLUSIVE"",""matched_fields"":[""description"",""description_html"",""name"",""tags""],""signal"":""explicit_web_exclusive_marker""}]",https://www.mikihouse.co.jp/products/00-1000-028
00-1000-035,【WEB限定】ベビーリュック・ソックスセット【BOX付き】,EXCLUDED,WEB_EXCLUSIVE,"[{""reason"":""WEB_EXCLUSIVE"",""matched_fields"":[""name"",""tags""],""signal"":""explicit_web_exclusive_marker""}]",https://www.mikihouse.co.jp/products/00-1000-035
00-4000-055,【WEB限定】コットンスリーパー・ラトルセット【BOX付き】,EXCLUDED,WEB_EXCLUSIVE,"[{""reason"":""WEB_EXCLUSIVE"",""matched_fields"":[""name"",""tags""],""signal"":""explicit_web_exclusive_marker""}]",https://www.mikihouse.co.jp/products/00-4000-055
00-4000-057,【WEB限定】マイクロファーフード・ブーティ【BOX付き】,EXCLUDED,WEB_EXCLUSIVE,"[{""reason"":""WEB_EXCLUSIVE"",""matched_fields"":[""name"",""tags""],""signal"":""explicit_web_exclusive_marker""}]",https://www.mikihouse.co.jp/products/00-4000-057
00-6000-016,【WEB限定】シャギーベア・ミニタオルセット【BOX付き】,EXCLUDED,WEB_EXCLUSIVE,"[{""reason"":""WEB_EXCLUSIVE"",""matched_fields"":[""name"",""tags""],""signal"":""explicit_web_exclusive_marker""}]",https://www.mikihouse.co.jp/products/00-6000-016
00-6000-017,【WEB限定】マント・ソックスセット【BOX付き】,EXCLUDED,WEB_EXCLUSIVE,"[{""reason"":""WEB_EXCLUSIVE"",""matched_fields"":[""name"",""tags""],""signal"":""explicit_web_exclusive_marker""}]",https://www.mikihouse.co.jp/products/00-6000-017
00-9999-002,名入れ代（無料）,EXCLUDED,NON_SELLABLE_SERVICE_OR_ADDON,"[{""reason"":""NON_SELLABLE_SERVICE_OR_ADDON"",""matched_fields"":[""product_type"",""tags""],""signal"":""explicit_official_cart_support_product_type"",""service_or_addon_kind"":""PERSONALIZATION_FEE"",""official_product_type"":""名入れ代商品"",""corroborating_tags"":[""名入れ代"",""手数料商品""],""corroboration_status"":""OFFICIAL_PRODUCT_TYPE_AND_TAG"",""permanent_product_number_match"":true,""classification_does_not_depend_on_zero_price"":true}]",https://www.mikihouse.co.jp/products/00-9999-002
00-9999-004,名入れ代（500円）,EXCLUDED,NON_SELLABLE_SERVICE_OR_ADDON,"[{""reason"":""NON_SELLABLE_SERVICE_OR_ADDON"",""matched_fields"":[""product_type"",""tags""],""signal"":""explicit_official_cart_support_product_type"",""service_or_addon_kind"":""PERSONALIZATION_FEE"",""official_product_type"":""名入れ代商品"",""corroborating_tags"":[""名入れ代"",""手数料商品""],""corroboration_status"":""OFFICIAL_PRODUCT_TYPE_AND_TAG"",""permanent_product_number_match"":true,""classification_does_not_depend_on_zero_price"":true}]",https://www.mikihouse.co.jp/products/00-9999-004
00-9999-006,名入れ代（1000円）,EXCLUDED,NON_SELLABLE_SERVICE_OR_ADDON,"[{""reason"":""NON_SELLABLE_SERVICE_OR_ADDON"",""matched_fields"":[""product_type"",""tags""],""signal"":""explicit_official_cart_support_product_type"",""service_or_addon_kind"":""PERSONALIZATION_FEE"",""official_product_type"":""名入れ代商品"",""corroborating_tags"":[""名入れ代"",""手数料商品""],""corroboration_status"":""OFFICIAL_PRODUCT_TYPE_AND_TAG"",""permanent_product_number_match"":true,""classification_does_not_depend_on_zero_price"":true}]",https://www.mikihouse.co.jp/products/00-9999-006
00-9999-008,名入れ代（1500円）,EXCLUDED,NON_SELLABLE_SERVICE_OR_ADDON,"[{""reason"":""NON_SELLABLE_SERVICE_OR_ADDON"",""matched_fields"":[""product_type"",""tags""],""signal"":""explicit_official_cart_support_product_type"",""service_or_addon_kind"":""PERSONALIZATION_FEE"",""official_product_type"":""名入れ代商品"",""corroborating_tags"":[""名入れ代"",""手数料商品""],""corroboration_status"":""OFFICIAL_PRODUCT_TYPE_AND_TAG"",""permanent_product_number_match"":true,""classification_does_not_depend_on_zero_price"":true}]",https://www.mikihouse.co.jp/products/00-9999-008
00-9999-010,名入れ代（1800円）,EXCLUDED,NON_SELLABLE_SERVICE_OR_ADDON,"[{""reason"":""NON_SELLABLE_SERVICE_OR_ADDON"",""matched_fields"":[""product_type"",""tags""],""signal"":""explicit_official_cart_support_product_type"",""service_or_addon_kind"":""PERSONALIZATION_FEE"",""official_product_type"":""名入れ代商品"",""corroborating_tags"":[""名入れ代"",""手数料商品""],""corroboration_status"":""OFFICIAL_PRODUCT_TYPE_AND_TAG"",""permanent_product_number_match"":true,""classification_does_not_depend_on_zero_price"":true}]",https://www.mikihouse.co.jp/products/00-9999-010
00-9999-012,名入れ代（2000円）,EXCLUDED,NON_SELLABLE_SERVICE_OR_ADDON,"[{""reason"":""NON_SELLABLE_SERVICE_OR_ADDON"",""matched_fields"":[""product_type"",""tags""],""signal"":""explicit_official_cart_support_product_type"",""service_or_addon_kind"":""PERSONALIZATION_FEE"",""official_product_type"":""名入れ代商品"",""corroborating_tags"":[""名入れ代"",""手数料商品""],""corroboration_status"":""OFFICIAL_PRODUCT_TYPE_AND_TAG"",""permanent_product_number_match"":true,""classification_does_not_depend_on_zero_price"":true}]",https://www.mikihouse.co.jp/products/00-9999-012
00-9999-014,名入れ代（3000円）,EXCLUDED,NON_SELLABLE_SERVICE_OR_ADDON,"[{""reason"":""NON_SELLABLE_SERVICE_OR_ADDON"",""matched_fields"":[""product_type"",""tags""],""signal"":""explicit_official_cart_support_product_type"",""service_or_addon_kind"":""PERSONALIZATION_FEE"",""official_product_type"":""名入れ代商品"",""corroborating_tags"":[""名入れ代"",""手数料商品""],""corroboration_status"":""OFFICIAL_PRODUCT_TYPE_AND_TAG"",""permanent_product_number_match"":true,""classification_does_not_depend_on_zero_price"":true}]",https://www.mikihouse.co.jp/products/00-9999-014
10-1105-495,ミキハウスベア ベビーフォーマルセット,EXCLUDED,PDF_SPECIAL_LIST,"[{""reason"":""PDF_SPECIAL_LIST"",""matched_fields"":[""product_number""],""signal"":""exact_manifest_match""}]",https://www.mikihouse.co.jp/products/10-1105-495
10-1106-498,ミキハウスベア ベビーフォーマルセット,EXCLUDED,PDF_SPECIAL_LIST,"[{""reason"":""PDF_SPECIAL_LIST"",""matched_fields"":[""product_number""],""signal"":""exact_manifest_match""}]",https://www.mikihouse.co.jp/products/10-1106-498
10-1107-491,ミキハウスベア フォーマルセット,EXCLUDED,PDF_SPECIAL_LIST,"[{""reason"":""PDF_SPECIAL_LIST"",""matched_fields"":[""product_number""],""signal"":""exact_manifest_match""}]",https://www.mikihouse.co.jp/products/10-1107-491
10-1108-494,ミキハウスベア フォーマルセット,EXCLUDED,PDF_SPECIAL_LIST,"[{""reason"":""PDF_SPECIAL_LIST"",""matched_fields"":[""product_number""],""signal"":""exact_manifest_match""}]",https://www.mikihouse.co.jp/products/10-1108-494
10-1206-794,【WEB限定】バックロゴカバーオール【WebLimited】,EXCLUDED,WEB_EXCLUSIVE,"[{""reason"":""WEB_EXCLUSIVE"",""matched_fields"":[""description"",""description_html"",""name"",""tags""],""signal"":""explicit_web_exclusive_marker""}]",https://www.mikihouse.co.jp/products/10-1206-794
10-1306-793,【WEB限定】バックロゴショートオール【WebLimited】,EXCLUDED,WEB_EXCLUSIVE,"[{""reason"":""WEB_EXCLUSIVE"",""matched_fields"":[""description"",""description_html"",""name"",""tags""],""signal"":""explicit_web_exclusive_marker""}]",https://www.mikihouse.co.jp/products/10-1306-793
10-1403-793,【WEB限定】ブルマ【WebLimited】,EXCLUDED,WEB_EXCLUSIVE,"[{""reason"":""WEB_EXCLUSIVE"",""matched_fields"":[""description"",""description_html"",""name"",""tags""],""signal"":""explicit_web_exclusive_marker""}]",https://www.mikihouse.co.jp/products/10-1403-793
10-1511-687,【WEB限定】ロンパース【WebLimited】,EXCLUDED,WEB_EXCLUSIVE,"[{""reason"":""WEB_EXCLUSIVE"",""matched_fields"":[""description"",""description_html"",""name"",""tags""],""signal"":""explicit_web_exclusive_marker""}]",https://www.mikihouse.co.jp/products/10-1511-687
10-1512-147,【WEB限定】ストレッチニットデニムロンパース【WebLimited】,EXCLUDED,WEB_EXCLUSIVE,"[{""reason"":""WEB_EXCLUSIVE"",""matched_fields"":[""description"",""description_html"",""name"",""tags""],""signal"":""explicit_web_exclusive_marker""}]",https://www.mikihouse.co.jp/products/10-1512-147
10-1513-140,【WEB限定】ロンパース【WebLimited】,EXCLUDED,WEB_EXCLUSIVE,"[{""reason"":""WEB_EXCLUSIVE"",""matched_fields"":[""description"",""description_html"",""name"",""tags""],""signal"":""explicit_web_exclusive_marker""}]",https://www.mikihouse.co.jp/products/10-1513-140
10-1514-792,【WEB限定】半袖ボディシャツ【WebLimited】,EXCLUDED,WEB_EXCLUSIVE,"[{""reason"":""WEB_EXCLUSIVE"",""matched_fields"":[""description"",""description_html"",""name"",""tags""],""signal"":""explicit_web_exclusive_marker""}]",https://www.mikihouse.co.jp/products/10-1514-792
10-1515-795,【WEB限定】ロンパース【WebLimited】,EXCLUDED,WEB_EXCLUSIVE,"[{""reason"":""WEB_EXCLUSIVE"",""matched_fields"":[""description"",""description_html"",""name"",""tags""],""signal"":""explicit_web_exclusive_marker""}]",https://www.mikihouse.co.jp/products/10-1515-795
10-1516-798,【WEB限定】ストレッチニットデニムロンパース【WebLimited】,EXCLUDED,WEB_EXCLUSIVE,"[{""reason"":""WEB_EXCLUSIVE"",""matched_fields"":[""description"",""description_html"",""name"",""tags""],""signal"":""explicit_web_exclusive_marker""}]",https://www.mikihouse.co.jp/products/10-1516-798
10-1710-576,【ゴールドレーベル】デニムスカート,EXCLUDED,PDF_SPECIAL_LIST,"[{""reason"":""PDF_SPECIAL_LIST"",""matched_fields"":[""product_number""],""signal"":""exact_manifest_match""}]",https://www.mikihouse.co.jp/products/10-1710-576
10-1712-794,【ゴールドレーベル】キュロットスカート,EXCLUDED,PDF_SPECIAL_LIST,"[{""reason"":""PDF_SPECIAL_LIST"",""matched_fields"":[""product_number""],""signal"":""exact_manifest_match""}]",https://www.mikihouse.co.jp/products/10-1712-794
10-1822-578,【ゴールドレーベル】デニムジャンパースカート,EXCLUDED,PDF_SPECIAL_LIST,"[{""reason"":""PDF_SPECIAL_LIST"",""matched_fields"":[""product_number""],""signal"":""exact_manifest_match""}]",https://www.mikihouse.co.jp/products/10-1822-578
10-1825-492,ジャンパースカート,EXCLUDED,PDF_SPECIAL_LIST,"[{""reason"":""PDF_SPECIAL_LIST"",""matched_fields"":[""product_number""],""signal"":""exact_manifest_match""}]",https://www.mikihouse.co.jp/products/10-1825-492
10-1827-498,【ゴールドレーベル】海島綿ジャンパースカート,EXCLUDED,PDF_SPECIAL_LIST,"[{""reason"":""PDF_SPECIAL_LIST"",""matched_fields"":[""product_number""],""signal"":""exact_manifest_match""}]",https://www.mikihouse.co.jp/products/10-1827-498
10-1829-685,【WEB限定】ジャンパースカート【WebLimited】,EXCLUDED,WEB_EXCLUSIVE,"[{""reason"":""WEB_EXCLUSIVE"",""matched_fields"":[""description"",""description_html"",""name"",""tags""],""signal"":""explicit_web_exclusive_marker""}]",https://www.mikihouse.co.jp/products/10-1829-685
10-1830-142,【WEB限定】ストレッチニットデニムジャンパースカート【WebLimited】,EXCLUDED,WEB_EXCLUSIVE,"[{""reason"":""WEB_EXCLUSIVE"",""matched_fields"":[""description"",""description_html"",""name"",""tags""],""signal"":""explicit_web_exclusive_marker""}]",https://www.mikihouse.co.jp/products/10-1830-142
10-1831-794,【WEB限定】ストレッチニットデニムジャンパースカート【WebLimited】,EXCLUDED,WEB_EXCLUSIVE,"[{""reason"":""WEB_EXCLUSIVE"",""matched_fields"":[""description"",""description_html"",""name"",""tags""],""signal"":""explicit_web_exclusive_marker""}]",https://www.mikihouse.co.jp/products/10-1831-794
10-1909-680,【ゴールドレーベル】パニエ付きベビードレス,EXCLUDED,PDF_SPECIAL_LIST,"[{""reason"":""PDF_SPECIAL_LIST"",""matched_fields"":[""product_number""],""signal"":""exact_manifest_match""}]",https://www.mikihouse.co.jp/products/10-1909-680
10-1910-680,【WEB限定】バックロゴワンピース【WebLimited】,EXCLUDED,WEB_EXCLUSIVE,"[{""reason"":""WEB_EXCLUSIVE"",""matched_fields"":[""description"",""description_html"",""name"",""tags""],""signal"":""explicit_web_exclusive_marker""}]",https://www.mikihouse.co.jp/products/10-1910-680
10-1911-683,【WEB限定】バックロゴ半袖ワンピース【WebLimited】,EXCLUDED,WEB_EXCLUSIVE,"[{""reason"":""WEB_EXCLUSIVE"",""matched_fields"":[""description"",""description_html"",""name"",""tags""],""signal"":""explicit_web_exclusive_marker""}]",https://www.mikihouse.co.jp/products/10-1911-683
10-1912-143,【ゴールドレーベル】シルクレースドレス,EXCLUDED,PDF_SPECIAL_LIST,"[{""reason"":""PDF_SPECIAL_LIST"",""matched_fields"":[""product_number""],""signal"":""exact_manifest_match""}]",https://www.mikihouse.co.jp/products/10-1912-143
10-1913-146,【ゴールドレーベル】シルクレースドレス,EXCLUDED,PDF_SPECIAL_LIST,"[{""reason"":""PDF_SPECIAL_LIST"",""matched_fields"":[""product_number""],""signal"":""exact_manifest_match""}]",https://www.mikihouse.co.jp/products/10-1913-146
10-1914-149,【WEB限定】バックロゴワンピース【WebLimited】,EXCLUDED,WEB_EXCLUSIVE,"[{""reason"":""WEB_EXCLUSIVE"",""matched_fields"":[""description"",""description_html"",""name"",""tags""],""signal"":""explicit_web_exclusive_marker""}]",https://www.mikihouse.co.jp/products/10-1914-149
10-1915-791,【ゴールドレーベル】ワンピース,EXCLUDED,PDF_SPECIAL_LIST,"[{""reason"":""PDF_SPECIAL_LIST"",""matched_fields"":[""product_number""],""signal"":""exact_manifest_match""}]",https://www.mikihouse.co.jp/products/10-1915-791
10-1916-794,【ゴールドレーベル】チェックワンピース,EXCLUDED,PDF_SPECIAL_LIST,"[{""reason"":""PDF_SPECIAL_LIST"",""matched_fields"":[""product_number""],""signal"":""exact_manifest_match""}]",https://www.mikihouse.co.jp/products/10-1916-794
10-1917-797,【WEB限定】ボーダーワンピース【WebLimited】,EXCLUDED,WEB_EXCLUSIVE,"[{""reason"":""WEB_EXCLUSIVE"",""matched_fields"":[""description"",""description_html"",""name"",""tags""],""signal"":""explicit_web_exclusive_marker""}]",https://www.mikihouse.co.jp/products/10-1917-797
10-1918-790,【WEB限定】バイカラーバックロゴ半袖ワンピース【WebLimited】,EXCLUDED,WEB_EXCLUSIVE,"[{""reason"":""WEB_EXCLUSIVE"",""matched_fields"":[""description"",""description_html"",""name"",""tags""],""signal"":""explicit_web_exclusive_marker""}]",https://www.mikihouse.co.jp/products/10-1918-790
10-1919-793,【ゴールドレーベル】ワンピース,EXCLUDED,PDF_SPECIAL_LIST,"[{""reason"":""PDF_SPECIAL_LIST"",""matched_fields"":[""product_number""],""signal"":""exact_manifest_match""}]",https://www.mikihouse.co.jp/products/10-1919-793
10-1920-793,【ゴールドレーベル】ワンピース,EXCLUDED,PDF_SPECIAL_LIST,"[{""reason"":""PDF_SPECIAL_LIST"",""matched_fields"":[""product_number""],""signal"":""exact_manifest_match""}]",https://www.mikihouse.co.jp/products/10-1920-793
10-1921-796,【WEB限定】カレッジロゴワンピース【WebLimited】,EXCLUDED,WEB_EXCLUSIVE,"[{""reason"":""WEB_EXCLUSIVE"",""matched_fields"":[""description"",""description_html"",""name"",""tags""],""signal"":""explicit_web_exclusive_marker""}]",https://www.mikihouse.co.jp/products/10-1921-796
10-2436-147,【ゴールドレーベル】海島綿半袖Ｔシャツ【肌着】,EXCLUDED,PDF_SPECIAL_LIST,"[{""reason"":""PDF_SPECIAL_LIST"",""matched_fields"":[""product_number""],""signal"":""exact_manifest_match""}]",https://www.mikihouse.co.jp/products/10-2436-147
10-2437-140,【ゴールドレーベル】海島綿腰下肌着,EXCLUDED,PDF_SPECIAL_LIST,"[{""reason"":""PDF_SPECIAL_LIST"",""matched_fields"":[""product_number""],""signal"":""exact_manifest_match""}]",https://www.mikihouse.co.jp/products/10-2437-140
10-2438-143,【WEB限定】キッズ肌着半袖Ｔシャツ2枚セット,EXCLUDED,WEB_EXCLUSIVE,"[{""reason"":""WEB_EXCLUSIVE"",""matched_fields"":[""name"",""tags""],""signal"":""explicit_web_exclusive_marker""}]",https://www.mikihouse.co.jp/products/10-2438-143
10-2439-146,【WEB限定】キッズ肌着半袖Ｔシャツ2枚セット,EXCLUDED,WEB_EXCLUSIVE,"[{""reason"":""WEB_EXCLUSIVE"",""matched_fields"":[""name"",""tags""],""signal"":""explicit_web_exclusive_marker""}]",https://www.mikihouse.co.jp/products/10-2439-146
10-2440-146,【WEB限定】キッズ肌着ボクサーパンツ2枚セット,EXCLUDED,WEB_EXCLUSIVE,"[{""reason"":""WEB_EXCLUSIVE"",""matched_fields"":[""name"",""tags""],""signal"":""explicit_web_exclusive_marker""}]",https://www.mikihouse.co.jp/products/10-2440-146
10-2441-149,【WEB限定】キッズ肌着ショーツ2枚セット,EXCLUDED,WEB_EXCLUSIVE,"[{""reason"":""WEB_EXCLUSIVE"",""matched_fields"":[""name"",""tags""],""signal"":""explicit_web_exclusive_marker""}]",https://www.mikihouse.co.jp/products/10-2441-149
10-2448-140,【WEB限定】キッズ肌着タンクトップ2枚セット,EXCLUDED,WEB_EXCLUSIVE,"[{""reason"":""WEB_EXCLUSIVE"",""matched_fields"":[""name"",""tags""],""signal"":""explicit_web_exclusive_marker""}]",https://www.mikihouse.co.jp/products/10-2448-140
10-2449-143,【WEB限定】キッズ肌着タンクトップ2枚セット,EXCLUDED,WEB_EXCLUSIVE,"[{""reason"":""WEB_EXCLUSIVE"",""matched_fields"":[""name"",""tags""],""signal"":""explicit_web_exclusive_marker""}]",https://www.mikihouse.co.jp/products/10-2449-143
10-2452-798,【ゴールドレーベル】海島綿長袖Ｔシャツ【肌着】,EXCLUDED,PDF_SPECIAL_LIST,"[{""reason"":""PDF_SPECIAL_LIST"",""matched_fields"":[""product_number""],""signal"":""exact_manifest_match""}]",https://www.mikihouse.co.jp/products/10-2452-798
10-2471-140,【ゴールドレーベル】海島綿半袖Ｔシャツ（大人用）【肌着】,EXCLUDED,PDF_SPECIAL_LIST,"[{""reason"":""PDF_SPECIAL_LIST"",""matched_fields"":[""product_number""],""signal"":""exact_manifest_match""}]",https://www.mikihouse.co.jp/products/10-2471-140
10-3130-688,【WEB限定】パイル５分丈パンツ【WebLimited】,EXCLUDED,WEB_EXCLUSIVE,"[{""reason"":""WEB_EXCLUSIVE"",""matched_fields"":[""description"",""description_html"",""name"",""tags""],""signal"":""explicit_web_exclusive_marker""}]",https://www.mikihouse.co.jp/products/10-3130-688
10-3131-797,【WEB限定】ボーダー５分丈パンツ【WebLimited】,EXCLUDED,WEB_EXCLUSIVE,"[{""reason"":""WEB_EXCLUSIVE"",""matched_fields"":[""description"",""description_html"",""name"",""tags""],""signal"":""explicit_web_exclusive_marker""}]",https://www.mikihouse.co.jp/products/10-3131-797
10-3132-790,【WEB限定】ネオンカラー５分丈パンツ【WebLimited】,EXCLUDED,WEB_EXCLUSIVE,"[{""reason"":""WEB_EXCLUSIVE"",""matched_fields"":[""description"",""description_html"",""name"",""tags""],""signal"":""explicit_web_exclusive_marker""}]",https://www.mikihouse.co.jp/products/10-3132-790
10-3207-496,【ゴールドレーベル】海島綿ベビーパンツ,EXCLUDED,PDF_SPECIAL_LIST,"[{""reason"":""PDF_SPECIAL_LIST"",""matched_fields"":[""product_number""],""signal"":""exact_manifest_match""}]",https://www.mikihouse.co.jp/products/10-3207-496
10-3219-680,【WEB限定】ロゴパンツ【WebLimited】,EXCLUDED,WEB_EXCLUSIVE,"[{""reason"":""WEB_EXCLUSIVE"",""matched_fields"":[""description"",""description_html"",""name"",""tags""],""signal"":""explicit_web_exclusive_marker""}]",https://www.mikihouse.co.jp/products/10-3219-680
10-3220-680,【WEB限定】ストレッチパンツ【WebLimited】,EXCLUDED,WEB_EXCLUSIVE,"[{""reason"":""WEB_EXCLUSIVE"",""matched_fields"":[""description"",""description_html"",""name"",""tags""],""signal"":""explicit_web_exclusive_marker""}]",https://www.mikihouse.co.jp/products/10-3220-680
10-3221-683,【WEB限定】裏シャギーパンツ【WebLimited】,EXCLUDED,WEB_EXCLUSIVE,"[{""reason"":""WEB_EXCLUSIVE"",""matched_fields"":[""description"",""description_html"",""name"",""tags""],""signal"":""explicit_web_exclusive_marker""}]",https://www.mikihouse.co.jp/products/10-3221-683
10-3222-143,【WEB限定】ストレッチ７分丈パンツ【WebLimited】,EXCLUDED,WEB_EXCLUSIVE,"[{""reason"":""WEB_EXCLUSIVE"",""matched_fields"":[""description"",""description_html"",""name"",""tags""],""signal"":""explicit_web_exclusive_marker""}]",https://www.mikihouse.co.jp/products/10-3222-143
10-3223-146,【ゴールドレーベル】海島綿パンツ,EXCLUDED,PDF_SPECIAL_LIST,"[{""reason"":""PDF_SPECIAL_LIST"",""matched_fields"":[""product_number""],""signal"":""exact_manifest_match""}]",https://www.mikihouse.co.jp/products/10-3223-146
10-3224-149,【ゴールドレーベル】シルクニットパンツ,EXCLUDED,PDF_SPECIAL_LIST,"[{""reason"":""PDF_SPECIAL_LIST"",""matched_fields"":[""product_number""],""signal"":""exact_manifest_match""}]",https://www.mikihouse.co.jp/products/10-3224-149
10-3229-144,【WEB限定】ストレッチニットデニムパンツ【WebLimited】,EXCLUDED,WEB_EXCLUSIVE,"[{""reason"":""WEB_EXCLUSIVE"",""matched_fields"":[""description"",""description_html"",""name"",""tags""],""signal"":""explicit_web_exclusive_marker""}]",https://www.mikihouse.co.jp/products/10-3229-144
10-3230-144,【WEB限定】チェックパンツ【WebLimited】,EXCLUDED,WEB_EXCLUSIVE,"[{""reason"":""WEB_EXCLUSIVE"",""matched_fields"":[""description"",""description_html"",""name"",""tags""],""signal"":""explicit_web_exclusive_marker""}]",https://www.mikihouse.co.jp/products/10-3230-144
10-3231-147,【WEB限定】ロゴパンツ【WebLimited】,EXCLUDED,WEB_EXCLUSIVE,"[{""reason"":""WEB_EXCLUSIVE"",""matched_fields"":[""description"",""description_html"",""name"",""tags""],""signal"":""explicit_web_exclusive_marker""}]",https://www.mikihouse.co.jp/products/10-3231-147
10-3233-143,【WEB限定】リブニットフレアパンツ【WebLimited】,EXCLUDED,WEB_EXCLUSIVE,"[{""reason"":""WEB_EXCLUSIVE"",""matched_fields"":[""description"",""description_html"",""name"",""tags""],""signal"":""explicit_web_exclusive_marker""}]",https://www.mikihouse.co.jp/products/10-3233-143
10-3234-795,【ゴールドレーベル】７分丈パンツ,EXCLUDED,PDF_SPECIAL_LIST,"[{""reason"":""PDF_SPECIAL_LIST"",""matched_fields"":[""product_number""],""signal"":""exact_manifest_match""}]",https://www.mikihouse.co.jp/products/10-3234-795
10-3235-798,【ゴールドレーベル】パンツ,EXCLUDED,PDF_SPECIAL_LIST,"[{""reason"":""PDF_SPECIAL_LIST"",""matched_fields"":[""product_number""],""signal"":""exact_manifest_match""}]",https://www.mikihouse.co.jp/products/10-3235-798
10-3238-797,【WEB限定】ストライプパンツ【WebLimited】,EXCLUDED,WEB_EXCLUSIVE,"[{""reason"":""WEB_EXCLUSIVE"",""matched_fields"":[""description"",""description_html"",""name"",""tags""],""signal"":""explicit_web_exclusive_marker""}]",https://www.mikihouse.co.jp/products/10-3238-797
10-3239-790,【WEB限定】ストレッチニットデニムパンツ【WebLimited】,EXCLUDED,WEB_EXCLUSIVE,"[{""reason"":""WEB_EXCLUSIVE"",""matched_fields"":[""description"",""description_html"",""name"",""tags""],""signal"":""explicit_web_exclusive_marker""}]",https://www.mikihouse.co.jp/products/10-3239-790
10-3268-576,【ゴールドレーベル】デニムパンツ,EXCLUDED,PDF_SPECIAL_LIST,"[{""reason"":""PDF_SPECIAL_LIST"",""matched_fields"":[""product_number""],""signal"":""exact_manifest_match""}]",https://www.mikihouse.co.jp/products/10-3268-576
10-3335-575,【ゴールドレーベル】デニムオーバーオール,EXCLUDED,PDF_SPECIAL_LIST,"[{""reason"":""PDF_SPECIAL_LIST"",""matched_fields"":[""product_number""],""signal"":""exact_manifest_match""}]",https://www.mikihouse.co.jp/products/10-3335-575
10-3342-498,【ゴールドレーベル】海島綿オーバーオール,EXCLUDED,PDF_SPECIAL_LIST,"[{""reason"":""PDF_SPECIAL_LIST"",""matched_fields"":[""product_number""],""signal"":""exact_manifest_match""}]",https://www.mikihouse.co.jp/products/10-3342-498
10-3348-687,【WEB限定】６分丈オーバーオール【WebLimited】,EXCLUDED,WEB_EXCLUSIVE,"[{""reason"":""WEB_EXCLUSIVE"",""matched_fields"":[""description"",""description_html"",""name"",""tags""],""signal"":""explicit_web_exclusive_marker""}]",https://www.mikihouse.co.jp/products/10-3348-687
10-3349-147,【WEB限定】ストレッチニットデニムオーバーオール【WebLimited】,EXCLUDED,WEB_EXCLUSIVE,"[{""reason"":""WEB_EXCLUSIVE"",""matched_fields"":[""description"",""description_html"",""name"",""tags""],""signal"":""explicit_web_exclusive_marker""}]",https://www.mikihouse.co.jp/products/10-3349-147
10-3351-799,【WEB限定】ストレッチニットデニムオーバーオール【WebLimited】,EXCLUDED,WEB_EXCLUSIVE,"[{""reason"":""WEB_EXCLUSIVE"",""matched_fields"":[""description"",""description_html"",""name"",""tags""],""signal"":""explicit_web_exclusive_marker""}]",https://www.mikihouse.co.jp/products/10-3351-799
10-3719-579,【ゴールドレーベル】デニムジャケット,EXCLUDED,PDF_SPECIAL_LIST,"[{""reason"":""PDF_SPECIAL_LIST"",""matched_fields"":[""product_number""],""signal"":""exact_manifest_match""}]",https://www.mikihouse.co.jp/products/10-3719-579
10-3728-498,【ゴールドレーベル】海島綿パーカー,EXCLUDED,PDF_SPECIAL_LIST,"[{""reason"":""PDF_SPECIAL_LIST"",""matched_fields"":[""product_number""],""signal"":""exact_manifest_match""}]",https://www.mikihouse.co.jp/products/10-3728-498
10-3736-680,【WEB限定】ロゴパーカー【WebLimited】,EXCLUDED,WEB_EXCLUSIVE,"[{""reason"":""WEB_EXCLUSIVE"",""matched_fields"":[""description"",""description_html"",""name"",""tags""],""signal"":""explicit_web_exclusive_marker""}]",https://www.mikihouse.co.jp/products/10-3736-680
10-3738-143,【WEB限定】バックロゴパーカー【WebLimited】,EXCLUDED,WEB_EXCLUSIVE,"[{""reason"":""WEB_EXCLUSIVE"",""matched_fields"":[""description"",""description_html"",""name"",""tags""],""signal"":""explicit_web_exclusive_marker""}]",https://www.mikihouse.co.jp/products/10-3738-143
10-3739-146,【WEB限定】ウインドブレーカー【WebLimited】,EXCLUDED,WEB_EXCLUSIVE,"[{""reason"":""WEB_EXCLUSIVE"",""matched_fields"":[""description"",""description_html"",""name"",""tags""],""signal"":""explicit_web_exclusive_marker""}]",https://www.mikihouse.co.jp/products/10-3739-146
10-3741-798,【ゴールドレーベル】ジャケット,EXCLUDED,PDF_SPECIAL_LIST,"[{""reason"":""PDF_SPECIAL_LIST"",""matched_fields"":[""product_number""],""signal"":""exact_manifest_match""}]",https://www.mikihouse.co.jp/products/10-3741-798
10-3774-682,【WEB限定】バックロゴパーカー（大人用）【WebLimited】,EXCLUDED,WEB_EXCLUSIVE,"[{""reason"":""WEB_EXCLUSIVE"",""matched_fields"":[""description"",""description_html"",""name"",""tags""],""signal"":""explicit_web_exclusive_marker""}]",https://www.mikihouse.co.jp/products/10-3774-682
10-3775-142,【WEB限定】バックロゴパーカー（大人用）【WebLimited】,EXCLUDED,WEB_EXCLUSIVE,"[{""reason"":""WEB_EXCLUSIVE"",""matched_fields"":[""description"",""description_html"",""name"",""tags""],""signal"":""explicit_web_exclusive_marker""}]",https://www.mikihouse.co.jp/products/10-3775-142
10-3859-491,【ゴールドレーベル】海島綿ポンチョ,EXCLUDED,PDF_SPECIAL_LIST,"[{""reason"":""PDF_SPECIAL_LIST"",""matched_fields"":[""product_number""],""signal"":""exact_manifest_match""}]",https://www.mikihouse.co.jp/products/10-3859-491
10-4703-140,【ゴールドレーベル】シルクニットジャケット,EXCLUDED,PDF_SPECIAL_LIST,"[{""reason"":""PDF_SPECIAL_LIST"",""matched_fields"":[""product_number""],""signal"":""exact_manifest_match""}]",https://www.mikihouse.co.jp/products/10-4703-140
10-5201-791,【WEB限定】総柄ロゴ半袖Ｔシャツ【WebLimited】,EXCLUDED,WEB_EXCLUSIVE,"[{""reason"":""WEB_EXCLUSIVE"",""matched_fields"":[""description"",""description_html"",""name"",""tags""],""signal"":""explicit_web_exclusive_marker""}]",https://www.mikihouse.co.jp/products/10-5201-791
10-5202-794,【WEB限定】総柄ロゴ長袖Ｔシャツ【WebLimited】,EXCLUDED,WEB_EXCLUSIVE,"[{""reason"":""WEB_EXCLUSIVE"",""matched_fields"":[""description"",""description_html"",""name"",""tags""],""signal"":""explicit_web_exclusive_marker""}]",https://www.mikihouse.co.jp/products/10-5202-794
10-5203-797,【WEB限定】ボーダー半袖Ｔシャツ【WebLimited】,EXCLUDED,WEB_EXCLUSIVE,"[{""reason"":""WEB_EXCLUSIVE"",""matched_fields"":[""description"",""description_html"",""name"",""tags""],""signal"":""explicit_web_exclusive_marker""}]",https://www.mikihouse.co.jp/products/10-5203-797
10-5204-790,【WEB限定】ネオンカラー半袖Ｔシャツ【WebLimited】,EXCLUDED,WEB_EXCLUSIVE,"[{""reason"":""WEB_EXCLUSIVE"",""matched_fields"":[""description"",""description_html"",""name"",""tags""],""signal"":""explicit_web_exclusive_marker""}]",https://www.mikihouse.co.jp/products/10-5204-790
10-5205-793,【WEB限定】バイカラーバックロゴ半袖Ｔシャツ【WebLimited】,EXCLUDED,WEB_EXCLUSIVE,"[{""reason"":""WEB_EXCLUSIVE"",""matched_fields"":[""description"",""description_html"",""name"",""tags""],""signal"":""explicit_web_exclusive_marker""}]",https://www.mikihouse.co.jp/products/10-5205-793
10-5206-796,【WEB限定】ロゴ半袖Ｔシャツ【WebLimited】,EXCLUDED,WEB_EXCLUSIVE,"[{""reason"":""WEB_EXCLUSIVE"",""matched_fields"":[""description"",""description_html"",""name"",""tags""],""signal"":""explicit_web_exclusive_marker""}]",https://www.mikihouse.co.jp/products/10-5206-796
10-5210-795,【WEB限定】ボーダー長袖Ｔシャツ【WebLimited】,EXCLUDED,WEB_EXCLUSIVE,"[{""reason"":""WEB_EXCLUSIVE"",""matched_fields"":[""description"",""description_html"",""name"",""tags""],""signal"":""explicit_web_exclusive_marker""}]",https://www.mikihouse.co.jp/products/10-5210-795
10-5237-578,【ゴールドレーベル】海島綿半袖Tシャツ,EXCLUDED,PDF_SPECIAL_LIST,"[{""reason"":""PDF_SPECIAL_LIST"",""matched_fields"":[""product_number""],""signal"":""exact_manifest_match""}]",https://www.mikihouse.co.jp/products/10-5237-578
10-5238-571,【ゴールドレーベル】海島綿長袖Tシャツ,EXCLUDED,PDF_SPECIAL_LIST,"[{""reason"":""PDF_SPECIAL_LIST"",""matched_fields"":[""product_number""],""signal"":""exact_manifest_match""}]",https://www.mikihouse.co.jp/products/10-5238-571
10-5243-498,【ゴールドレーベル】海島綿半袖Ｔシャツ,EXCLUDED,PDF_SPECIAL_LIST,"[{""reason"":""PDF_SPECIAL_LIST"",""matched_fields"":[""product_number""],""signal"":""exact_manifest_match""}]",https://www.mikihouse.co.jp/products/10-5243-498
10-5244-491,【ゴールドレーベル】海島綿長袖Ｔシャツ,EXCLUDED,PDF_SPECIAL_LIST,"[{""reason"":""PDF_SPECIAL_LIST"",""matched_fields"":[""product_number""],""signal"":""exact_manifest_match""}]",https://www.mikihouse.co.jp/products/10-5244-491
10-5258-681,【WEB限定】ワッペンロゴ半袖Ｔシャツ【WebLimited】,EXCLUDED,WEB_EXCLUSIVE,"[{""reason"":""WEB_EXCLUSIVE"",""matched_fields"":[""description"",""description_html"",""name"",""tags""],""signal"":""explicit_web_exclusive_marker""}]",https://www.mikihouse.co.jp/products/10-5258-681
10-5259-684,【WEB限定】バックロゴ半袖Ｔシャツ【WebLimited】,EXCLUDED,WEB_EXCLUSIVE,"[{""reason"":""WEB_EXCLUSIVE"",""matched_fields"":[""description"",""description_html"",""name"",""tags""],""signal"":""explicit_web_exclusive_marker""}]",https://www.mikihouse.co.jp/products/10-5259-684
10-5260-684,【WEB限定】ワッペンロゴ長袖Ｔシャツ【WebLimited】,EXCLUDED,WEB_EXCLUSIVE,"[{""reason"":""WEB_EXCLUSIVE"",""matched_fields"":[""description"",""description_html"",""name"",""tags""],""signal"":""explicit_web_exclusive_marker""}]",https://www.mikihouse.co.jp/products/10-5260-684
10-5261-687,【WEB限定】ボーダー長袖Ｔシャツ【WebLimited】,EXCLUDED,WEB_EXCLUSIVE,"[{""reason"":""WEB_EXCLUSIVE"",""matched_fields"":[""description"",""description_html"",""name"",""tags""],""signal"":""explicit_web_exclusive_marker""}]",https://www.mikihouse.co.jp/products/10-5261-687
10-5262-147,【WEB限定】ボーダー半袖Ｔシャツ【WebLimited】,EXCLUDED,WEB_EXCLUSIVE,"[{""reason"":""WEB_EXCLUSIVE"",""matched_fields"":[""description"",""description_html"",""name"",""tags""],""signal"":""explicit_web_exclusive_marker""}]",https://www.mikihouse.co.jp/products/10-5262-147
10-5264-143,【ゴールドレーベル】海島綿半袖Ｔシャツ,EXCLUDED,PDF_SPECIAL_LIST,"[{""reason"":""PDF_SPECIAL_LIST"",""matched_fields"":[""product_number""],""signal"":""exact_manifest_match""}]",https://www.mikihouse.co.jp/products/10-5264-143
10-5268-794,【ゴールドレーベル】ベビーカシミヤ×海島綿半袖Ｔシャツ,EXCLUDED,PDF_SPECIAL_LIST,"[{""reason"":""PDF_SPECIAL_LIST"",""matched_fields"":[""product_number""],""signal"":""exact_manifest_match""}]",https://www.mikihouse.co.jp/products/10-5268-794
10-5269-797,【ゴールドレーベル】ベビーカシミヤ×海島綿長袖Ｔシャツ,EXCLUDED,PDF_SPECIAL_LIST,"[{""reason"":""PDF_SPECIAL_LIST"",""matched_fields"":[""product_number""],""signal"":""exact_manifest_match""}]",https://www.mikihouse.co.jp/products/10-5269-797
10-5278-579,【ゴールドレーベル】海島綿半袖Ｔシャツ（大人用）,EXCLUDED,PDF_SPECIAL_LIST,"[{""reason"":""PDF_SPECIAL_LIST"",""matched_fields"":[""product_number""],""signal"":""exact_manifest_match""}]",https://www.mikihouse.co.jp/products/10-5278-579
10-5280-794,【ゴールドレーベル】ベビーカシミヤ×海島綿半袖Ｔシャツ（大人用）,EXCLUDED,PDF_SPECIAL_LIST,"[{""reason"":""PDF_SPECIAL_LIST"",""matched_fields"":[""product_number""],""signal"":""exact_manifest_match""}]",https://www.mikihouse.co.jp/products/10-5280-794
10-5284-680,【WEB限定】ワッペンロゴ半袖Ｔシャツ（大人用）【WebLimited】,EXCLUDED,WEB_EXCLUSIVE,"[{""reason"":""WEB_EXCLUSIVE"",""matched_fields"":[""description"",""description_html"",""name"",""tags""],""signal"":""explicit_web_exclusive_marker""}]",https://www.mikihouse.co.jp/products/10-5284-680
10-5285-683,【WEB限定】バックロゴ半袖Ｔシャツ（大人用）【WebLimited】,EXCLUDED,WEB_EXCLUSIVE,"[{""reason"":""WEB_EXCLUSIVE"",""matched_fields"":[""description"",""description_html"",""name"",""tags""],""signal"":""explicit_web_exclusive_marker""}]",https://www.mikihouse.co.jp/products/10-5285-683
10-5286-143,【ゴールドレーベル】海島綿半袖Ｔシャツ（大人用）,EXCLUDED,PDF_SPECIAL_LIST,"[{""reason"":""PDF_SPECIAL_LIST"",""matched_fields"":[""product_number""],""signal"":""exact_manifest_match""}]",https://www.mikihouse.co.jp/products/10-5286-143
10-5292-148,【WEB限定】ワッペンロゴ長袖Ｔシャツ（大人用）【WebLimited】,EXCLUDED,WEB_EXCLUSIVE,"[{""reason"":""WEB_EXCLUSIVE"",""matched_fields"":[""description"",""description_html"",""name"",""tags""],""signal"":""explicit_web_exclusive_marker""}]",https://www.mikihouse.co.jp/products/10-5292-148
10-5293-790,【WEB限定】総柄ロゴ半袖Ｔシャツ（大人用）【WebLimited】,EXCLUDED,WEB_EXCLUSIVE,"[{""reason"":""WEB_EXCLUSIVE"",""matched_fields"":[""description"",""description_html"",""name"",""tags""],""signal"":""explicit_web_exclusive_marker""}]",https://www.mikihouse.co.jp/products/10-5293-790
10-5294-793,【WEB限定】ボーダー半袖Ｔシャツ（大人用）【WebLimited】,EXCLUDED,WEB_EXCLUSIVE,"[{""reason"":""WEB_EXCLUSIVE"",""matched_fields"":[""description"",""description_html"",""name"",""tags""],""signal"":""explicit_web_exclusive_marker""}]",https://www.mikihouse.co.jp/products/10-5294-793
10-5295-796,【WEB限定】ボーダー長袖Ｔシャツ（大人用）【WebLimited】,EXCLUDED,WEB_EXCLUSIVE,"[{""reason"":""WEB_EXCLUSIVE"",""matched_fields"":[""description"",""description_html"",""name"",""tags""],""signal"":""explicit_web_exclusive_marker""}]",https://www.mikihouse.co.jp/products/10-5295-796
10-5302-571,【ゴールドレーベル】ダンガリーシャツ,EXCLUDED,PDF_SPECIAL_LIST,"[{""reason"":""PDF_SPECIAL_LIST"",""matched_fields"":[""product_number""],""signal"":""exact_manifest_match""}]",https://www.mikihouse.co.jp/products/10-5302-571
10-5306-795,【ゴールドレーベル】チェック長袖シャツ,EXCLUDED,PDF_SPECIAL_LIST,"[{""reason"":""PDF_SPECIAL_LIST"",""matched_fields"":[""product_number""],""signal"":""exact_manifest_match""}]",https://www.mikihouse.co.jp/products/10-5306-795
10-5373-795,【ゴールドレーベル】チェック長袖シャツ（大人用）,EXCLUDED,PDF_SPECIAL_LIST,"[{""reason"":""PDF_SPECIAL_LIST"",""matched_fields"":[""product_number""],""signal"":""exact_manifest_match""}]",https://www.mikihouse.co.jp/products/10-5373-795
10-5410-496,【ゴールドレーベル】海島綿半袖ブラウス,EXCLUDED,PDF_SPECIAL_LIST,"[{""reason"":""PDF_SPECIAL_LIST"",""matched_fields"":[""product_number""],""signal"":""exact_manifest_match""}]",https://www.mikihouse.co.jp/products/10-5410-496
10-5411-499,【ゴールドレーベル】海島綿長袖ブラウス,EXCLUDED,PDF_SPECIAL_LIST,"[{""reason"":""PDF_SPECIAL_LIST"",""matched_fields"":[""product_number""],""signal"":""exact_manifest_match""}]",https://www.mikihouse.co.jp/products/10-5411-499
10-5413-792,【ゴールドレーベル】長袖ブラウス,EXCLUDED,PDF_SPECIAL_LIST,"[{""reason"":""PDF_SPECIAL_LIST"",""matched_fields"":[""product_number""],""signal"":""exact_manifest_match""}]",https://www.mikihouse.co.jp/products/10-5413-792
10-5414-795,【ゴールドレーベル】長袖ブラウス,EXCLUDED,PDF_SPECIAL_LIST,"[{""reason"":""PDF_SPECIAL_LIST"",""matched_fields"":[""product_number""],""signal"":""exact_manifest_match""}]",https://www.mikihouse.co.jp/products/10-5414-795
10-5611-572,【ゴールドレーベル】海島綿トレーナー,EXCLUDED,PDF_SPECIAL_LIST,"[{""reason"":""PDF_SPECIAL_LIST"",""matched_fields"":[""product_number""],""signal"":""exact_manifest_match""}]",https://www.mikihouse.co.jp/products/10-5611-572
10-5619-682,【WEB限定】ワッペンロゴトレーナー【WebLimited】,EXCLUDED,WEB_EXCLUSIVE,"[{""reason"":""WEB_EXCLUSIVE"",""matched_fields"":[""description"",""description_html"",""name"",""tags""],""signal"":""explicit_web_exclusive_marker""}]",https://www.mikihouse.co.jp/products/10-5619-682
10-5620-682,【WEB限定】ロゴトレーナー【WebLimited】,EXCLUDED,WEB_EXCLUSIVE,"[{""reason"":""WEB_EXCLUSIVE"",""matched_fields"":[""description"",""description_html"",""name"",""tags""],""signal"":""explicit_web_exclusive_marker""}]",https://www.mikihouse.co.jp/products/10-5620-682
10-5621-142,【ゴールドレーベル】海島綿トレーナー,EXCLUDED,PDF_SPECIAL_LIST,"[{""reason"":""PDF_SPECIAL_LIST"",""matched_fields"":[""product_number""],""signal"":""exact_manifest_match""}]",https://www.mikihouse.co.jp/products/10-5621-142
10-5622-145,【WEB限定】裏起毛ダンボールニットフーディー【WebLimited】,EXCLUDED,WEB_EXCLUSIVE,"[{""reason"":""WEB_EXCLUSIVE"",""matched_fields"":[""description"",""description_html"",""name"",""tags""],""signal"":""explicit_web_exclusive_marker""}]",https://www.mikihouse.co.jp/products/10-5622-145
10-5624-141,【WEB限定】バックロゴトレーナー【WebLimited】,EXCLUDED,WEB_EXCLUSIVE,"[{""reason"":""WEB_EXCLUSIVE"",""matched_fields"":[""description"",""description_html"",""name"",""tags""],""signal"":""explicit_web_exclusive_marker""}]",https://www.mikihouse.co.jp/products/10-5624-141
10-5625-793,【ゴールドレーベル】トレーナー,EXCLUDED,PDF_SPECIAL_LIST,"[{""reason"":""PDF_SPECIAL_LIST"",""matched_fields"":[""product_number""],""signal"":""exact_manifest_match""}]",https://www.mikihouse.co.jp/products/10-5625-793
10-5626-796,【ゴールドレーベル】トレーナー,EXCLUDED,PDF_SPECIAL_LIST,"[{""reason"":""PDF_SPECIAL_LIST"",""matched_fields"":[""product_number""],""signal"":""exact_manifest_match""}]",https://www.mikihouse.co.jp/products/10-5626-796
10-5628-792,【WEB限定】バイカラートレーナー【WebLimited】,EXCLUDED,WEB_EXCLUSIVE,"[{""reason"":""WEB_EXCLUSIVE"",""matched_fields"":[""description"",""description_html"",""name"",""tags""],""signal"":""explicit_web_exclusive_marker""}]",https://www.mikihouse.co.jp/products/10-5628-792
10-5629-795,【WEB限定】カレッジロゴトレーナー【WebLimited】,EXCLUDED,WEB_EXCLUSIVE,"[{""reason"":""WEB_EXCLUSIVE"",""matched_fields"":[""description"",""description_html"",""name"",""tags""],""signal"":""explicit_web_exclusive_marker""}]",https://www.mikihouse.co.jp/products/10-5629-795
10-5679-684,【WEB限定】バックロゴトレーナー（大人用）【WebLimited】,EXCLUDED,WEB_EXCLUSIVE,"[{""reason"":""WEB_EXCLUSIVE"",""matched_fields"":[""description"",""description_html"",""name"",""tags""],""signal"":""explicit_web_exclusive_marker""}]",https://www.mikihouse.co.jp/products/10-5679-684
10-5682-147,【WEB限定】裏起毛ダンボールニットフーディー（大人用）【WebLimited】,EXCLUDED,WEB_EXCLUSIVE,"[{""reason"":""WEB_EXCLUSIVE"",""matched_fields"":[""description"",""description_html"",""name"",""tags""],""signal"":""explicit_web_exclusive_marker""}]",https://www.mikihouse.co.jp/products/10-5682-147
10-5683-140,【WEB限定】バックロゴトレーナー（大人用）【WebLimited】,EXCLUDED,WEB_EXCLUSIVE,"[{""reason"":""WEB_EXCLUSIVE"",""matched_fields"":[""description"",""description_html"",""name"",""tags""],""signal"":""explicit_web_exclusive_marker""}]",https://www.mikihouse.co.jp/products/10-5683-140
10-5684-792,【ゴールドレーベル】トレーナー（大人用）,EXCLUDED,PDF_SPECIAL_LIST,"[{""reason"":""PDF_SPECIAL_LIST"",""matched_fields"":[""product_number""],""signal"":""exact_manifest_match""}]",https://www.mikihouse.co.jp/products/10-5684-792
10-5685-795,【WEB限定】バイカラートレーナー（大人用）【WebLimited】,EXCLUDED,WEB_EXCLUSIVE,"[{""reason"":""WEB_EXCLUSIVE"",""matched_fields"":[""description"",""description_html"",""name"",""tags""],""signal"":""explicit_web_exclusive_marker""}]",https://www.mikihouse.co.jp/products/10-5685-795
10-5686-798,【WEB限定】カレッジロゴトレーナー（大人用）【WebLimited】,EXCLUDED,WEB_EXCLUSIVE,"[{""reason"":""WEB_EXCLUSIVE"",""matched_fields"":[""description"",""description_html"",""name"",""tags""],""signal"":""explicit_web_exclusive_marker""}]",https://www.mikihouse.co.jp/products/10-5686-798
10-5707-497,【ゴールドレーベル】海島綿ベスト,EXCLUDED,PDF_SPECIAL_LIST,"[{""reason"":""PDF_SPECIAL_LIST"",""matched_fields"":[""product_number""],""signal"":""exact_manifest_match""}]",https://www.mikihouse.co.jp/products/10-5707-497
10-5709-141,【WEB限定】リバーシブルベスト【WebLimited】,EXCLUDED,WEB_EXCLUSIVE,"[{""reason"":""WEB_EXCLUSIVE"",""matched_fields"":[""description"",""description_html"",""name"",""tags""],""signal"":""explicit_web_exclusive_marker""}]",https://www.mikihouse.co.jp/products/10-5709-141
10-5710-790,【ゴールドレーベル】チュニック,EXCLUDED,PDF_SPECIAL_LIST,"[{""reason"":""PDF_SPECIAL_LIST"",""matched_fields"":[""product_number""],""signal"":""exact_manifest_match""}]",https://www.mikihouse.co.jp/products/10-5710-790
10-6801-149,【ゴールドレーベル】シルクニットカーディガン,EXCLUDED,PDF_SPECIAL_LIST,"[{""reason"":""PDF_SPECIAL_LIST"",""matched_fields"":[""product_number""],""signal"":""exact_manifest_match""}]",https://www.mikihouse.co.jp/products/10-6801-149
10-6802-142,【ゴールドレーベル】シルクニットカーディガン,EXCLUDED,PDF_SPECIAL_LIST,"[{""reason"":""PDF_SPECIAL_LIST"",""matched_fields"":[""product_number""],""signal"":""exact_manifest_match""}]",https://www.mikihouse.co.jp/products/10-6802-142
10-7313-140,【WEB限定】長袖パジャマ（子ども用）,EXCLUDED,WEB_EXCLUSIVE,"[{""reason"":""WEB_EXCLUSIVE"",""matched_fields"":[""name"",""tags""],""signal"":""explicit_web_exclusive_marker""}]",https://www.mikihouse.co.jp/products/10-7313-140
10-7501-688,作務衣,EXCLUDED,PDF_SPECIAL_LIST,"[{""reason"":""PDF_SPECIAL_LIST"",""matched_fields"":[""product_number""],""signal"":""exact_manifest_match""}]",https://www.mikihouse.co.jp/products/10-7501-688
10-7802-145,【ゴールドレーベル】西陣織蝶ネクタイ,EXCLUDED,PDF_SPECIAL_LIST,"[{""reason"":""PDF_SPECIAL_LIST"",""matched_fields"":[""product_number""],""signal"":""exact_manifest_match""}]",https://www.mikihouse.co.jp/products/10-7802-145
10-7803-148,【ゴールドレーベル】西陣織ネクタイ,EXCLUDED,PDF_SPECIAL_LIST,"[{""reason"":""PDF_SPECIAL_LIST"",""matched_fields"":[""product_number""],""signal"":""exact_manifest_match""}]",https://www.mikihouse.co.jp/products/10-7803-148
10-7871-141,【ゴールドレーベル】西陣織ネクタイ（大人用）,EXCLUDED,PDF_SPECIAL_LIST,"[{""reason"":""PDF_SPECIAL_LIST"",""matched_fields"":[""product_number""],""signal"":""exact_manifest_match""}]",https://www.mikihouse.co.jp/products/10-7871-141
10-7926-683,【WEB限定】スタイ【WebLimited】,EXCLUDED,WEB_EXCLUSIVE,"[{""reason"":""WEB_EXCLUSIVE"",""matched_fields"":[""description"",""description_html"",""name"",""tags""],""signal"":""explicit_web_exclusive_marker""}]",https://www.mikihouse.co.jp/products/10-7926-683
10-7929-149,【WEB限定】スタイ【WebLimited】,EXCLUDED,WEB_EXCLUSIVE,"[{""reason"":""WEB_EXCLUSIVE"",""matched_fields"":[""description"",""description_html"",""name"",""tags""],""signal"":""explicit_web_exclusive_marker""}]",https://www.mikihouse.co.jp/products/10-7929-149
10-7931-791,【ゴールドレーベル】チェックスタイ,EXCLUDED,PDF_SPECIAL_LIST,"[{""reason"":""PDF_SPECIAL_LIST"",""matched_fields"":[""product_number""],""signal"":""exact_manifest_match""}]",https://www.mikihouse.co.jp/products/10-7931-791
10-8214-680,【ゴールドレーベル】刺し子織バッグ,EXCLUDED,PDF_SPECIAL_LIST,"[{""reason"":""PDF_SPECIAL_LIST"",""matched_fields"":[""product_number""],""signal"":""exact_manifest_match""}]",https://www.mikihouse.co.jp/products/10-8214-680
10-8215-683,【ゴールドレーベル】刺し子織バッグ,EXCLUDED,PDF_SPECIAL_LIST,"[{""reason"":""PDF_SPECIAL_LIST"",""matched_fields"":[""product_number""],""signal"":""exact_manifest_match""}]",https://www.mikihouse.co.jp/products/10-8215-683
10-8216-686,【ゴールドレーベル】刺し子織バッグ,EXCLUDED,PDF_SPECIAL_LIST,"[{""reason"":""PDF_SPECIAL_LIST"",""matched_fields"":[""product_number""],""signal"":""exact_manifest_match""}]",https://www.mikihouse.co.jp/products/10-8216-686
10-8217-689,【ゴールドレーベル】ポシェット,EXCLUDED,PDF_SPECIAL_LIST,"[{""reason"":""PDF_SPECIAL_LIST"",""matched_fields"":[""product_number""],""signal"":""exact_manifest_match""}]",https://www.mikihouse.co.jp/products/10-8217-689
10-8220-685,【ゴールドレーベル】巾着バッグ,EXCLUDED,PDF_SPECIAL_LIST,"[{""reason"":""PDF_SPECIAL_LIST"",""matched_fields"":[""product_number""],""signal"":""exact_manifest_match""}]",https://www.mikihouse.co.jp/products/10-8220-685
10-8227-686,【WEB限定】トートバッグ【WebLimited】,EXCLUDED,WEB_EXCLUSIVE,"[{""reason"":""WEB_EXCLUSIVE"",""matched_fields"":[""description"",""description_html"",""name"",""tags""],""signal"":""explicit_web_exclusive_marker""}]",https://www.mikihouse.co.jp/products/10-8227-686
10-8229-149,リュック,EXCLUDED,PDF_SPECIAL_LIST,"[{""reason"":""PDF_SPECIAL_LIST"",""matched_fields"":[""product_number""],""signal"":""exact_manifest_match""}]",https://www.mikihouse.co.jp/products/10-8229-149
10-8231-142,【ゴールドレーベル】ラムスキン ショルダーバッグ,EXCLUDED,PDF_SPECIAL_LIST,"[{""reason"":""PDF_SPECIAL_LIST"",""matched_fields"":[""product_number""],""signal"":""exact_manifest_match""}]",https://www.mikihouse.co.jp/products/10-8231-142
10-8233-148,【ゴールドレーベル】デニムミニトートバッグ,EXCLUDED,PDF_SPECIAL_LIST,"[{""reason"":""PDF_SPECIAL_LIST"",""matched_fields"":[""product_number""],""signal"":""exact_manifest_match""}]",https://www.mikihouse.co.jp/products/10-8233-148
10-8234-141,【ゴールドレーベル】デニムトートバッグ,EXCLUDED,PDF_SPECIAL_LIST,"[{""reason"":""PDF_SPECIAL_LIST"",""matched_fields"":[""product_number""],""signal"":""exact_manifest_match""}]",https://www.mikihouse.co.jp/products/10-8234-141
10-8240-146,リュック,EXCLUDED,PDF_SPECIAL_LIST,"[{""reason"":""PDF_SPECIAL_LIST"",""matched_fields"":[""product_number""],""signal"":""exact_manifest_match""}]",https://www.mikihouse.co.jp/products/10-8240-146
10-8244-797,【ゴールドレーベル】牛革リュック,EXCLUDED,PDF_SPECIAL_LIST,"[{""reason"":""PDF_SPECIAL_LIST"",""matched_fields"":[""product_number""],""signal"":""exact_manifest_match""}]",https://www.mikihouse.co.jp/products/10-8244-797
10-8248-799,【ゴールドレーベル】牛革ショルダーバッグ,EXCLUDED,PDF_SPECIAL_LIST,"[{""reason"":""PDF_SPECIAL_LIST"",""matched_fields"":[""product_number""],""signal"":""exact_manifest_match""}]",https://www.mikihouse.co.jp/products/10-8248-799
10-8257-793,【ゴールドレーベル】バッグ,EXCLUDED,PDF_SPECIAL_LIST,"[{""reason"":""PDF_SPECIAL_LIST"",""matched_fields"":[""product_number""],""signal"":""exact_manifest_match""}]",https://www.mikihouse.co.jp/products/10-8257-793
10-8258-796,リュック,EXCLUDED,PDF_SPECIAL_LIST,"[{""reason"":""PDF_SPECIAL_LIST"",""matched_fields"":[""product_number""],""signal"":""exact_manifest_match""}]",https://www.mikihouse.co.jp/products/10-8258-796
10-8259-799,リュック,EXCLUDED,PDF_SPECIAL_LIST,"[{""reason"":""PDF_SPECIAL_LIST"",""matched_fields"":[""product_number""],""signal"":""exact_manifest_match""}]",https://www.mikihouse.co.jp/products/10-8259-799
10-8294-570,【ゴールドレーベル】デニムリュック,EXCLUDED,PDF_SPECIAL_LIST,"[{""reason"":""PDF_SPECIAL_LIST"",""matched_fields"":[""product_number""],""signal"":""exact_manifest_match""}]",https://www.mikihouse.co.jp/products/10-8294-570
10-8295-573,【ゴールドレーベル】デニムトートバッグ,EXCLUDED,PDF_SPECIAL_LIST,"[{""reason"":""PDF_SPECIAL_LIST"",""matched_fields"":[""product_number""],""signal"":""exact_manifest_match""}]",https://www.mikihouse.co.jp/products/10-8295-573
10-8914-560,【WEB限定】フード付きバスタオル【箱入】,EXCLUDED,WEB_EXCLUSIVE,"[{""reason"":""WEB_EXCLUSIVE"",""matched_fields"":[""description"",""description_html"",""name"",""tags""],""signal"":""explicit_web_exclusive_marker""}]",https://www.mikihouse.co.jp/products/10-8914-560
10-8952-494,【ゴールドレーベル】フェイスタオル２枚セット【箱入】,EXCLUDED,PDF_SPECIAL_LIST,"[{""reason"":""PDF_SPECIAL_LIST"",""matched_fields"":[""product_number""],""signal"":""exact_manifest_match""}]",https://www.mikihouse.co.jp/products/10-8952-494
10-8953-497,【ゴールドレーベル】バスタオル【箱入】,EXCLUDED,PDF_SPECIAL_LIST,"[{""reason"":""PDF_SPECIAL_LIST"",""matched_fields"":[""product_number""],""signal"":""exact_manifest_match""}]",https://www.mikihouse.co.jp/products/10-8953-497
10-9120-498,【ゴールドレーベル】帽子,EXCLUDED,PDF_SPECIAL_LIST,"[{""reason"":""PDF_SPECIAL_LIST"",""matched_fields"":[""product_number""],""signal"":""exact_manifest_match""}]",https://www.mikihouse.co.jp/products/10-9120-498
10-9126-793,【ゴールドレーベル】帽子,EXCLUDED,PDF_SPECIAL_LIST,"[{""reason"":""PDF_SPECIAL_LIST"",""matched_fields"":[""product_number""],""signal"":""exact_manifest_match""}]",https://www.mikihouse.co.jp/products/10-9126-793
10-9128-799,【ゴールドレーベル】キャップ（帽子）,EXCLUDED,PDF_SPECIAL_LIST,"[{""reason"":""PDF_SPECIAL_LIST"",""matched_fields"":[""product_number""],""signal"":""exact_manifest_match""}]",https://www.mikihouse.co.jp/products/10-9128-799
10-9301-495,ファーストベビーシューズ,EXCLUDED,PDF_SPECIAL_LIST,"[{""reason"":""PDF_SPECIAL_LIST"",""matched_fields"":[""product_number""],""signal"":""exact_manifest_match""}]",https://www.mikihouse.co.jp/products/10-9301-495
10-9302-498,セカンドベビーシューズ,EXCLUDED,PDF_SPECIAL_LIST,"[{""reason"":""PDF_SPECIAL_LIST"",""matched_fields"":[""product_number""],""signal"":""exact_manifest_match""}]",https://www.mikihouse.co.jp/products/10-9302-498
10-9305-497,【特別価格】ファーストシューズ【配送希望日・キャンセル・返品不可】,EXCLUDED,LIMITED_TIME_PRICE,"[{""reason"":""LIMITED_TIME_PRICE"",""matched_fields"":[""description"",""description_html"",""name"",""tags""],""signal"":""explicit_limited_or_promotional_price_marker""},{""reason"":""LIMITED_TIME_PRICE"",""matched_fields"":[""variants.compare_at_price_jpy"",""variants.tax_included_price_jpy""],""signal"":""compare_at_price_above_current_price"",""affected_variant_count"":16,""affected_variant_skus"":[""10-9305-49700020120"",""10-9305-49700020125"",""10-9305-49700020130"",""10-9305-49700020135"",""10-9305-49700050120"",""10-9305-49700050125"",""10-9305-49700050130"",""10-9305-49700050135"",""10-9305-49700330120"",""10-9305-49700330125"",""10-9305-49700330130"",""10-9305-49700330135"",""10-9305-49700870120"",""10-9305-49700870125"",""10-9305-49700870130"",""10-9305-49700870135""]}]",https://www.mikihouse.co.jp/products/10-9305-497
10-9306-490,【特別価格】セカンドシューズ【配送希望日・キャンセル・返品不可】,EXCLUDED,LIMITED_TIME_PRICE,"[{""reason"":""LIMITED_TIME_PRICE"",""matched_fields"":[""description"",""description_html"",""name"",""tags""],""signal"":""explicit_limited_or_promotional_price_marker""},{""reason"":""LIMITED_TIME_PRICE"",""matched_fields"":[""variants.compare_at_price_jpy"",""variants.tax_included_price_jpy""],""signal"":""compare_at_price_above_current_price"",""affected_variant_count"":30,""affected_variant_skus"":[""10-9306-49000020135"",""10-9306-49000020140"",""10-9306-49000020145"",""10-9306-49000020150"",""10-9306-49000020155"",""10-9306-49000030135"",""10-9306-49000030140"",""10-9306-49000030145"",""10-9306-49000030150"",""10-9306-49000030155"",""10-9306-49000050135"",""10-9306-49000050140"",""10-9306-49000050145"",""10-9306-49000050150"",""10-9306-49000050155"",""10-9306-49000080135"",""10-9306-49000080140"",""10-9306-49000080145"",""10-9306-49000080150"",""10-9306-49000080155"",""10-9306-49000330135"",""10-9306-49000330140"",""10-9306-49000330145"",""10-9306-49000330150"",""10-9306-49000330155"",""10-9306-49000870135"",""10-9306-49000870140"",""10-9306-49000870145"",""10-9306-49000870150"",""10-9306-49000870155""]}]",https://www.mikihouse.co.jp/products/10-9306-490
10-9311-492,ファーストベビーシューズ,EXCLUDED,PDF_SPECIAL_LIST,"[{""reason"":""PDF_SPECIAL_LIST"",""matched_fields"":[""product_number""],""signal"":""exact_manifest_match""}]",https://www.mikihouse.co.jp/products/10-9311-492
10-9312-495,セカンドベビーシューズ,EXCLUDED,PDF_SPECIAL_LIST,"[{""reason"":""PDF_SPECIAL_LIST"",""matched_fields"":[""product_number""],""signal"":""exact_manifest_match""}]",https://www.mikihouse.co.jp/products/10-9312-495
10-9322-683,【ゴールドレーベル】ラムスキン・ホーススキン プレシューズ,EXCLUDED,PDF_SPECIAL_LIST,"[{""reason"":""PDF_SPECIAL_LIST"",""matched_fields"":[""product_number""],""signal"":""exact_manifest_match""}]",https://www.mikihouse.co.jp/products/10-9322-683
10-9323-686,【ゴールドレーベル】ラムスキン・ホーススキン プレシューズ,EXCLUDED,PDF_SPECIAL_LIST,"[{""reason"":""PDF_SPECIAL_LIST"",""matched_fields"":[""product_number""],""signal"":""exact_manifest_match""}]",https://www.mikihouse.co.jp/products/10-9323-686
10-9324-689,ファーストベビーシューズ,EXCLUDED,PDF_SPECIAL_LIST,"[{""reason"":""PDF_SPECIAL_LIST"",""matched_fields"":[""product_number""],""signal"":""exact_manifest_match""}]",https://www.mikihouse.co.jp/products/10-9324-689
10-9325-682,セカンドベビーシューズ,EXCLUDED,PDF_SPECIAL_LIST,"[{""reason"":""PDF_SPECIAL_LIST"",""matched_fields"":[""product_number""],""signal"":""exact_manifest_match""}]",https://www.mikihouse.co.jp/products/10-9325-682
10-9327-145,【WEB限定】55周年記念モデル ファーストシューズ【WebLimited】,EXCLUDED,WEB_EXCLUSIVE,"[{""reason"":""WEB_EXCLUSIVE"",""matched_fields"":[""name"",""tags""],""signal"":""explicit_web_exclusive_marker""}]",https://www.mikihouse.co.jp/products/10-9327-145
10-9330-141,【ゴールドレーベル】ラムスキン セカンドベビーシューズ,EXCLUDED,PDF_SPECIAL_LIST,"[{""reason"":""PDF_SPECIAL_LIST"",""matched_fields"":[""product_number""],""signal"":""exact_manifest_match""}]",https://www.mikihouse.co.jp/products/10-9330-141
10-9372-497,ファーストベビーシューズ,EXCLUDED,PDF_SPECIAL_LIST,"[{""reason"":""PDF_SPECIAL_LIST"",""matched_fields"":[""product_number""],""signal"":""exact_manifest_match""}]",https://www.mikihouse.co.jp/products/10-9372-497
10-9374-493,セカンドベビーシューズ,EXCLUDED,PDF_SPECIAL_LIST,"[{""reason"":""PDF_SPECIAL_LIST"",""matched_fields"":[""product_number""],""signal"":""exact_manifest_match""}]",https://www.mikihouse.co.jp/products/10-9374-493
10-9467-494,キッズシューズ,EXCLUDED,PDF_SPECIAL_LIST,"[{""reason"":""PDF_SPECIAL_LIST"",""matched_fields"":[""product_number""],""signal"":""exact_manifest_match""}]",https://www.mikihouse.co.jp/products/10-9467-494
10-9473-680,キッズシューズ,EXCLUDED,PDF_SPECIAL_LIST,"[{""reason"":""PDF_SPECIAL_LIST"",""matched_fields"":[""product_number""],""signal"":""exact_manifest_match""}]",https://www.mikihouse.co.jp/products/10-9473-680
10-9474-140,【ゴールドレーベル】牛革ストラップシューズ,EXCLUDED,PDF_SPECIAL_LIST,"[{""reason"":""PDF_SPECIAL_LIST"",""matched_fields"":[""product_number""],""signal"":""exact_manifest_match""}]",https://www.mikihouse.co.jp/products/10-9474-140
10-9475-143,【ゴールドレーベル】ラムスキン・ホーススキン ローファー,EXCLUDED,PDF_SPECIAL_LIST,"[{""reason"":""PDF_SPECIAL_LIST"",""matched_fields"":[""product_number""],""signal"":""exact_manifest_match""}]",https://www.mikihouse.co.jp/products/10-9475-143
10-9476-146,【ゴールドレーベル】ラムスキン ストラップシューズ,EXCLUDED,PDF_SPECIAL_LIST,"[{""reason"":""PDF_SPECIAL_LIST"",""matched_fields"":[""product_number""],""signal"":""exact_manifest_match""}]",https://www.mikihouse.co.jp/products/10-9476-146
10-9621-496,【ゴールドレーベル】海島綿ソックス,EXCLUDED,PDF_SPECIAL_LIST,"[{""reason"":""PDF_SPECIAL_LIST"",""matched_fields"":[""product_number""],""signal"":""exact_manifest_match""}]",https://www.mikihouse.co.jp/products/10-9621-496
10-9627-685,【WEB限定】ソックス【WebLimited】,EXCLUDED,WEB_EXCLUSIVE,"[{""reason"":""WEB_EXCLUSIVE"",""matched_fields"":[""description"",""description_html"",""name"",""tags""],""signal"":""explicit_web_exclusive_marker""}]",https://www.mikihouse.co.jp/products/10-9627-685
10-9628-688,【WEB限定】ボーダーソックス【WebLimited】,EXCLUDED,WEB_EXCLUSIVE,"[{""reason"":""WEB_EXCLUSIVE"",""matched_fields"":[""description"",""description_html"",""name"",""tags""],""signal"":""explicit_web_exclusive_marker""}]",https://www.mikihouse.co.jp/products/10-9628-688
10-9629-148,【ゴールドレーベル】ソックス,EXCLUDED,PDF_SPECIAL_LIST,"[{""reason"":""PDF_SPECIAL_LIST"",""matched_fields"":[""product_number""],""signal"":""exact_manifest_match""}]",https://www.mikihouse.co.jp/products/10-9629-148
10-9630-148,【ゴールドレーベル】ソックス,EXCLUDED,PDF_SPECIAL_LIST,"[{""reason"":""PDF_SPECIAL_LIST"",""matched_fields"":[""product_number""],""signal"":""exact_manifest_match""}]",https://www.mikihouse.co.jp/products/10-9630-148
10-9632-144,【WEB限定】ソックス【WebLimited】,EXCLUDED,WEB_EXCLUSIVE,"[{""reason"":""WEB_EXCLUSIVE"",""matched_fields"":[""description"",""description_html"",""name"",""tags""],""signal"":""explicit_web_exclusive_marker""}]",https://www.mikihouse.co.jp/products/10-9632-144
10-9633-147,【WEB限定】ボーダーソックス【WebLimited】,EXCLUDED,WEB_EXCLUSIVE,"[{""reason"":""WEB_EXCLUSIVE"",""matched_fields"":[""description"",""description_html"",""name"",""tags""],""signal"":""explicit_web_exclusive_marker""}]",https://www.mikihouse.co.jp/products/10-9633-147
10-9635-792,【ゴールドレーベル】ソックス,EXCLUDED,PDF_SPECIAL_LIST,"[{""reason"":""PDF_SPECIAL_LIST"",""matched_fields"":[""product_number""],""signal"":""exact_manifest_match""}]",https://www.mikihouse.co.jp/products/10-9635-792
10-9636-795,【WEB限定】ネオンカラーロゴソックス【WebLimited】,EXCLUDED,WEB_EXCLUSIVE,"[{""reason"":""WEB_EXCLUSIVE"",""matched_fields"":[""description"",""description_html"",""name"",""tags""],""signal"":""explicit_web_exclusive_marker""}]",https://www.mikihouse.co.jp/products/10-9636-795
10-9637-798,【WEB限定】カレッジロゴソックス【WebLimited】,EXCLUDED,WEB_EXCLUSIVE,"[{""reason"":""WEB_EXCLUSIVE"",""matched_fields"":[""description"",""description_html"",""name"",""tags""],""signal"":""explicit_web_exclusive_marker""}]",https://www.mikihouse.co.jp/products/10-9637-798
10-9671-682,【WEB限定】ソックス（大人用）【WebLimited】,EXCLUDED,WEB_EXCLUSIVE,"[{""reason"":""WEB_EXCLUSIVE"",""matched_fields"":[""description"",""description_html"",""name"",""tags""],""signal"":""explicit_web_exclusive_marker""}]",https://www.mikihouse.co.jp/products/10-9671-682
10-9672-685,【WEB限定】ボーダーソックス（大人用）【WebLimited】,EXCLUDED,WEB_EXCLUSIVE,"[{""reason"":""WEB_EXCLUSIVE"",""matched_fields"":[""description"",""description_html"",""name"",""tags""],""signal"":""explicit_web_exclusive_marker""}]",https://www.mikihouse.co.jp/products/10-9672-685
10-9673-794,【WEB限定】カレッジロゴソックス（大人用）【WebLimited】,EXCLUDED,WEB_EXCLUSIVE,"[{""reason"":""WEB_EXCLUSIVE"",""matched_fields"":[""description"",""description_html"",""name"",""tags""],""signal"":""explicit_web_exclusive_marker""}]",https://www.mikihouse.co.jp/products/10-9673-794
10-9707-147,ミキハウスベア ハイソックス,EXCLUDED,PDF_SPECIAL_LIST,"[{""reason"":""PDF_SPECIAL_LIST"",""matched_fields"":[""product_number""],""signal"":""exact_manifest_match""}]",https://www.mikihouse.co.jp/products/10-9707-147
10-9709-792,【ゴールドレーベル】ハイソックス,EXCLUDED,PDF_SPECIAL_LIST,"[{""reason"":""PDF_SPECIAL_LIST"",""matched_fields"":[""product_number""],""signal"":""exact_manifest_match""}]",https://www.mikihouse.co.jp/products/10-9709-792
11-1201-680,【ゴールドレーベル】シルクニットカバーオール,EXCLUDED,PDF_SPECIAL_LIST,"[{""reason"":""PDF_SPECIAL_LIST"",""matched_fields"":[""product_number""],""signal"":""exact_manifest_match""}]",https://www.mikihouse.co.jp/products/11-1201-680
11-1702-794,【ゴールドレーベル】スカート,EXCLUDED,PDF_SPECIAL_LIST,"[{""reason"":""PDF_SPECIAL_LIST"",""matched_fields"":[""product_number""],""signal"":""exact_manifest_match""}]",https://www.mikihouse.co.jp/products/11-1702-794
11-1901-140,ワンピース,EXCLUDED,PDF_SPECIAL_LIST,"[{""reason"":""PDF_SPECIAL_LIST"",""matched_fields"":[""product_number""],""signal"":""exact_manifest_match""}]",https://www.mikihouse.co.jp/products/11-1901-140
11-1901-492,花柄ワンピース,EXCLUDED,PDF_SPECIAL_LIST,"[{""reason"":""PDF_SPECIAL_LIST"",""matched_fields"":[""product_number""],""signal"":""exact_manifest_match""}]",https://www.mikihouse.co.jp/products/11-1901-492
11-1901-799,【ゴールドレーベル】ワンピース,EXCLUDED,PDF_SPECIAL_LIST,"[{""reason"":""PDF_SPECIAL_LIST"",""matched_fields"":[""product_number""],""signal"":""exact_manifest_match""}]",https://www.mikihouse.co.jp/products/11-1901-799
11-1902-495,ワンピース,EXCLUDED,PDF_SPECIAL_LIST,"[{""reason"":""PDF_SPECIAL_LIST"",""matched_fields"":[""product_number""],""signal"":""exact_manifest_match""}]",https://www.mikihouse.co.jp/products/11-1902-495
11-2901-686,【ゴールドレーベル】シルクニット半袖ワンピース,EXCLUDED,PDF_SPECIAL_LIST,"[{""reason"":""PDF_SPECIAL_LIST"",""matched_fields"":[""product_number""],""signal"":""exact_manifest_match""}]",https://www.mikihouse.co.jp/products/11-2901-686
11-3206-797,パンツ,EXCLUDED,PDF_SPECIAL_LIST,"[{""reason"":""PDF_SPECIAL_LIST"",""matched_fields"":[""product_number""],""signal"":""exact_manifest_match""}]",https://www.mikihouse.co.jp/products/11-3206-797
11-3207-790,パンツ,EXCLUDED,PDF_SPECIAL_LIST,"[{""reason"":""PDF_SPECIAL_LIST"",""matched_fields"":[""product_number""],""signal"":""exact_manifest_match""}]",https://www.mikihouse.co.jp/products/11-3207-790
11-3703-793,リバーシブル ウインドブレーカー,EXCLUDED,PDF_SPECIAL_LIST,"[{""reason"":""PDF_SPECIAL_LIST"",""matched_fields"":[""product_number""],""signal"":""exact_manifest_match""}]",https://www.mikihouse.co.jp/products/11-3703-793
11-3704-147,ジャケット,EXCLUDED,PDF_SPECIAL_LIST,"[{""reason"":""PDF_SPECIAL_LIST"",""matched_fields"":[""product_number""],""signal"":""exact_manifest_match""}]",https://www.mikihouse.co.jp/products/11-3704-147
11-3704-796,リバーシブル ウインドブレーカー,EXCLUDED,PDF_SPECIAL_LIST,"[{""reason"":""PDF_SPECIAL_LIST"",""matched_fields"":[""product_number""],""signal"":""exact_manifest_match""}]",https://www.mikihouse.co.jp/products/11-3704-796
11-5204-797,長袖Ｔシャツ,EXCLUDED,PDF_SPECIAL_LIST,"[{""reason"":""PDF_SPECIAL_LIST"",""matched_fields"":[""product_number""],""signal"":""exact_manifest_match""}]",https://www.mikihouse.co.jp/products/11-5204-797
11-5206-793,【ゴールドレーベル】長袖Ｔシャツ,EXCLUDED,PDF_SPECIAL_LIST,"[{""reason"":""PDF_SPECIAL_LIST"",""matched_fields"":[""product_number""],""signal"":""exact_manifest_match""}]",https://www.mikihouse.co.jp/products/11-5206-793
11-5402-492,長袖ブラウス,EXCLUDED,PDF_SPECIAL_LIST,"[{""reason"":""PDF_SPECIAL_LIST"",""matched_fields"":[""product_number""],""signal"":""exact_manifest_match""}]",https://www.mikihouse.co.jp/products/11-5402-492
11-6601-681,【ゴールドレーベル】シルクニットセーター,EXCLUDED,PDF_SPECIAL_LIST,"[{""reason"":""PDF_SPECIAL_LIST"",""matched_fields"":[""product_number""],""signal"":""exact_manifest_match""}]",https://www.mikihouse.co.jp/products/11-6601-681
11-6801-498,カーディガン,EXCLUDED,PDF_SPECIAL_LIST,"[{""reason"":""PDF_SPECIAL_LIST"",""matched_fields"":[""product_number""],""signal"":""exact_manifest_match""}]",https://www.mikihouse.co.jp/products/11-6801-498
11-6801-795,カーディガン,EXCLUDED,PDF_SPECIAL_LIST,"[{""reason"":""PDF_SPECIAL_LIST"",""matched_fields"":[""product_number""],""signal"":""exact_manifest_match""}]",https://www.mikihouse.co.jp/products/11-6801-795
11-6802-798,カーディガン,EXCLUDED,PDF_SPECIAL_LIST,"[{""reason"":""PDF_SPECIAL_LIST"",""matched_fields"":[""product_number""],""signal"":""exact_manifest_match""}]",https://www.mikihouse.co.jp/products/11-6802-798
11-7301-687,【ゴールドレーベル】シルクサテンパジャマ,EXCLUDED,PDF_SPECIAL_LIST,"[{""reason"":""PDF_SPECIAL_LIST"",""matched_fields"":[""product_number""],""signal"":""exact_manifest_match""}]",https://www.mikihouse.co.jp/products/11-7301-687
11-7302-680,【ゴールドレーベル】シルクサテンベビーパジャマ,EXCLUDED,PDF_SPECIAL_LIST,"[{""reason"":""PDF_SPECIAL_LIST"",""matched_fields"":[""product_number""],""signal"":""exact_manifest_match""}]",https://www.mikihouse.co.jp/products/11-7302-680
11-8204-796,【WEB限定】ニットトートバッグ【WebLimited】,EXCLUDED,WEB_EXCLUSIVE,"[{""reason"":""WEB_EXCLUSIVE"",""matched_fields"":[""description"",""description_html"",""name"",""tags""],""signal"":""explicit_web_exclusive_marker""}]",https://www.mikihouse.co.jp/products/11-8204-796
11-9102-794,キャスケット,EXCLUDED,PDF_SPECIAL_LIST,"[{""reason"":""PDF_SPECIAL_LIST"",""matched_fields"":[""product_number""],""signal"":""exact_manifest_match""}]",https://www.mikihouse.co.jp/products/11-9102-794
11-9302-143,【WEB限定】ミズノコラボ セカンドベビーシューズ【WebLimited】,EXCLUDED,WEB_EXCLUSIVE,"[{""reason"":""WEB_EXCLUSIVE"",""matched_fields"":[""description"",""description_html"",""name"",""tags""],""signal"":""explicit_web_exclusive_marker""}]",https://www.mikihouse.co.jp/products/11-9302-143
11-9303-146,【WEB限定】ミズノコラボ セカンドベビーシューズ【WebLimited】,EXCLUDED,WEB_EXCLUSIVE,"[{""reason"":""WEB_EXCLUSIVE"",""matched_fields"":[""description"",""description_html"",""name"",""tags""],""signal"":""explicit_web_exclusive_marker""}]",https://www.mikihouse.co.jp/products/11-9303-146
11-9304-798,セカンドベビーシューズ,EXCLUDED,PDF_SPECIAL_LIST,"[{""reason"":""PDF_SPECIAL_LIST"",""matched_fields"":[""product_number""],""signal"":""exact_manifest_match""}]",https://www.mikihouse.co.jp/products/11-9304-798
11-9305-791,セカンドベビーシューズ,EXCLUDED,PDF_SPECIAL_LIST,"[{""reason"":""PDF_SPECIAL_LIST"",""matched_fields"":[""product_number""],""signal"":""exact_manifest_match""}]",https://www.mikihouse.co.jp/products/11-9305-791
11-9306-794,ファーストベビーシューズ,EXCLUDED,PDF_SPECIAL_LIST,"[{""reason"":""PDF_SPECIAL_LIST"",""matched_fields"":[""product_number""],""signal"":""exact_manifest_match""}]",https://www.mikihouse.co.jp/products/11-9306-794
11-9307-681,セカンドベビーシューズ,EXCLUDED,PDF_SPECIAL_LIST,"[{""reason"":""PDF_SPECIAL_LIST"",""matched_fields"":[""product_number""],""signal"":""exact_manifest_match""}]",https://www.mikihouse.co.jp/products/11-9307-681
11-9308-684,【ゴールドレーベル】ファーストベビーシューズ,EXCLUDED,PDF_SPECIAL_LIST,"[{""reason"":""PDF_SPECIAL_LIST"",""matched_fields"":[""product_number""],""signal"":""exact_manifest_match""}]",https://www.mikihouse.co.jp/products/11-9308-684
11-9309-687,【ゴールドレーベル】セカンドベビーシューズ,EXCLUDED,PDF_SPECIAL_LIST,"[{""reason"":""PDF_SPECIAL_LIST"",""matched_fields"":[""product_number""],""signal"":""exact_manifest_match""}]",https://www.mikihouse.co.jp/products/11-9309-687
11-9401-149,【WEB限定】ミズノコラボ キッズシューズ【WebLimited】,EXCLUDED,WEB_EXCLUSIVE,"[{""reason"":""WEB_EXCLUSIVE"",""matched_fields"":[""description"",""description_html"",""name"",""tags""],""signal"":""explicit_web_exclusive_marker""}]",https://www.mikihouse.co.jp/products/11-9401-149
11-9402-142,【WEB限定】ミズノコラボ キッズシューズ【WebLimited】,EXCLUDED,WEB_EXCLUSIVE,"[{""reason"":""WEB_EXCLUSIVE"",""matched_fields"":[""description"",""description_html"",""name"",""tags""],""signal"":""explicit_web_exclusive_marker""}]",https://www.mikihouse.co.jp/products/11-9402-142
11-9403-794,キッズシューズ,EXCLUDED,PDF_SPECIAL_LIST,"[{""reason"":""PDF_SPECIAL_LIST"",""matched_fields"":[""product_number""],""signal"":""exact_manifest_match""}]",https://www.mikihouse.co.jp/products/11-9403-794
11-9404-681,キッズシューズ,EXCLUDED,PDF_SPECIAL_LIST,"[{""reason"":""PDF_SPECIAL_LIST"",""matched_fields"":[""product_number""],""signal"":""exact_manifest_match""}]",https://www.mikihouse.co.jp/products/11-9404-681
11-9405-684,【ゴールドレーベル】キッズシューズ,EXCLUDED,PDF_SPECIAL_LIST,"[{""reason"":""PDF_SPECIAL_LIST"",""matched_fields"":[""product_number""],""signal"":""exact_manifest_match""}]",https://www.mikihouse.co.jp/products/11-9405-684
11-9601-796,ソックス,EXCLUDED,PDF_SPECIAL_LIST,"[{""reason"":""PDF_SPECIAL_LIST"",""matched_fields"":[""product_number""],""signal"":""exact_manifest_match""}]",https://www.mikihouse.co.jp/products/11-9601-796
11-9602-799,ソックス,EXCLUDED,PDF_SPECIAL_LIST,"[{""reason"":""PDF_SPECIAL_LIST"",""matched_fields"":[""product_number""],""signal"":""exact_manifest_match""}]",https://www.mikihouse.co.jp/products/11-9602-799
12-1305-794,【ゴールドレーベル】チェックショートオール,EXCLUDED,PDF_SPECIAL_LIST,"[{""reason"":""PDF_SPECIAL_LIST"",""matched_fields"":[""product_number""],""signal"":""exact_manifest_match""}]",https://www.mikihouse.co.jp/products/12-1305-794
12-1306-797,【ゴールドレーベル】チェックショートオール,EXCLUDED,PDF_SPECIAL_LIST,"[{""reason"":""PDF_SPECIAL_LIST"",""matched_fields"":[""product_number""],""signal"":""exact_manifest_match""}]",https://www.mikihouse.co.jp/products/12-1306-797
12-1802-141,ジャンパースカート,EXCLUDED,PDF_SPECIAL_LIST,"[{""reason"":""PDF_SPECIAL_LIST"",""matched_fields"":[""product_number""],""signal"":""exact_manifest_match""}]",https://www.mikihouse.co.jp/products/12-1802-141
12-1905-491,【ゴールドレーベル】リネン半袖ワンピース,EXCLUDED,PDF_SPECIAL_LIST,"[{""reason"":""PDF_SPECIAL_LIST"",""matched_fields"":[""product_number""],""signal"":""exact_manifest_match""}]",https://www.mikihouse.co.jp/products/12-1905-491
12-1911-144,ワンピース,EXCLUDED,PDF_SPECIAL_LIST,"[{""reason"":""PDF_SPECIAL_LIST"",""matched_fields"":[""product_number""],""signal"":""exact_manifest_match""}]",https://www.mikihouse.co.jp/products/12-1911-144
12-1914-792,【ゴールドレーベル】海島綿パイル半袖ワンピース,EXCLUDED,PDF_SPECIAL_LIST,"[{""reason"":""PDF_SPECIAL_LIST"",""matched_fields"":[""product_number""],""signal"":""exact_manifest_match""}]",https://www.mikihouse.co.jp/products/12-1914-792
12-3109-145,６分丈パンツ,EXCLUDED,PDF_SPECIAL_LIST,"[{""reason"":""PDF_SPECIAL_LIST"",""matched_fields"":[""product_number""],""signal"":""exact_manifest_match""}]",https://www.mikihouse.co.jp/products/12-3109-145
12-3110-794,５分丈パンツ,EXCLUDED,PDF_SPECIAL_LIST,"[{""reason"":""PDF_SPECIAL_LIST"",""matched_fields"":[""product_number""],""signal"":""exact_manifest_match""}]",https://www.mikihouse.co.jp/products/12-3110-794
12-3112-141,【WEB限定】５分丈パンツ,EXCLUDED,WEB_EXCLUSIVE,"[{""reason"":""WEB_EXCLUSIVE"",""matched_fields"":[""name"",""tags""],""signal"":""explicit_web_exclusive_marker""}]",https://www.mikihouse.co.jp/products/12-3112-141
12-3112-790,５分丈パンツ,EXCLUDED,PDF_SPECIAL_LIST,"[{""reason"":""PDF_SPECIAL_LIST"",""matched_fields"":[""product_number""],""signal"":""exact_manifest_match""}]",https://www.mikihouse.co.jp/products/12-3112-790
12-3113-793,６分丈パンツ,EXCLUDED,PDF_SPECIAL_LIST,"[{""reason"":""PDF_SPECIAL_LIST"",""matched_fields"":[""product_number""],""signal"":""exact_manifest_match""}]",https://www.mikihouse.co.jp/products/12-3113-793
12-3117-795,６分丈パンツ,EXCLUDED,PDF_SPECIAL_LIST,"[{""reason"":""PDF_SPECIAL_LIST"",""matched_fields"":[""product_number""],""signal"":""exact_manifest_match""}]",https://www.mikihouse.co.jp/products/12-3117-795
12-3123-790,【ゴールドレーベル】海島綿パイル６分丈パンツ,EXCLUDED,PDF_SPECIAL_LIST,"[{""reason"":""PDF_SPECIAL_LIST"",""matched_fields"":[""product_number""],""signal"":""exact_manifest_match""}]",https://www.mikihouse.co.jp/products/12-3123-790
12-3203-498,【ゴールドレーベル】リネン８分丈パンツ,EXCLUDED,PDF_SPECIAL_LIST,"[{""reason"":""PDF_SPECIAL_LIST"",""matched_fields"":[""product_number""],""signal"":""exact_manifest_match""}]",https://www.mikihouse.co.jp/products/12-3203-498
12-3302-494,【ゴールドレーベル】リネン５分丈オーバーオール,EXCLUDED,PDF_SPECIAL_LIST,"[{""reason"":""PDF_SPECIAL_LIST"",""matched_fields"":[""product_number""],""signal"":""exact_manifest_match""}]",https://www.mikihouse.co.jp/products/12-3302-494
12-3304-148,５分丈オーバーオール,EXCLUDED,PDF_SPECIAL_LIST,"[{""reason"":""PDF_SPECIAL_LIST"",""matched_fields"":[""product_number""],""signal"":""exact_manifest_match""}]",https://www.mikihouse.co.jp/products/12-3304-148
12-3701-794,パーカー,EXCLUDED,PDF_SPECIAL_LIST,"[{""reason"":""PDF_SPECIAL_LIST"",""matched_fields"":[""product_number""],""signal"":""exact_manifest_match""}]",https://www.mikihouse.co.jp/products/12-3701-794
12-3702-797,パーカー,EXCLUDED,PDF_SPECIAL_LIST,"[{""reason"":""PDF_SPECIAL_LIST"",""matched_fields"":[""product_number""],""signal"":""exact_manifest_match""}]",https://www.mikihouse.co.jp/products/12-3702-797
12-5217-141,半袖Ｔシャツ,EXCLUDED,PDF_SPECIAL_LIST,"[{""reason"":""PDF_SPECIAL_LIST"",""matched_fields"":[""product_number""],""signal"":""exact_manifest_match""}]",https://www.mikihouse.co.jp/products/12-5217-141
12-5219-796,半袖Ｔシャツ,EXCLUDED,PDF_SPECIAL_LIST,"[{""reason"":""PDF_SPECIAL_LIST"",""matched_fields"":[""product_number""],""signal"":""exact_manifest_match""}]",https://www.mikihouse.co.jp/products/12-5219-796
12-5220-796,半袖Ｔシャツ,EXCLUDED,PDF_SPECIAL_LIST,"[{""reason"":""PDF_SPECIAL_LIST"",""matched_fields"":[""product_number""],""signal"":""exact_manifest_match""}]",https://www.mikihouse.co.jp/products/12-5220-796
12-5222-792,半袖Ｔシャツ,EXCLUDED,PDF_SPECIAL_LIST,"[{""reason"":""PDF_SPECIAL_LIST"",""matched_fields"":[""product_number""],""signal"":""exact_manifest_match""}]",https://www.mikihouse.co.jp/products/12-5222-792
12-5223-146,【WEB限定】半袖Ｔシャツ,EXCLUDED,WEB_EXCLUSIVE,"[{""reason"":""WEB_EXCLUSIVE"",""matched_fields"":[""name"",""tags""],""signal"":""explicit_web_exclusive_marker""}]",https://www.mikihouse.co.jp/products/12-5223-146
12-5223-795,半袖Ｔシャツ,EXCLUDED,PDF_SPECIAL_LIST,"[{""reason"":""PDF_SPECIAL_LIST"",""matched_fields"":[""product_number""],""signal"":""exact_manifest_match""}]",https://www.mikihouse.co.jp/products/12-5223-795
12-5224-149,【WEB限定】半袖Ｔシャツ,EXCLUDED,WEB_EXCLUSIVE,"[{""reason"":""WEB_EXCLUSIVE"",""matched_fields"":[""name"",""tags""],""signal"":""explicit_web_exclusive_marker""}]",https://www.mikihouse.co.jp/products/12-5224-149
12-5237-794,【ゴールドレーベル】海島綿パイル半袖Ｔシャツ,EXCLUDED,PDF_SPECIAL_LIST,"[{""reason"":""PDF_SPECIAL_LIST"",""matched_fields"":[""product_number""],""signal"":""exact_manifest_match""}]",https://www.mikihouse.co.jp/products/12-5237-794
12-5302-490,【ゴールドレーベル】リネン半袖シャツ,EXCLUDED,PDF_SPECIAL_LIST,"[{""reason"":""PDF_SPECIAL_LIST"",""matched_fields"":[""product_number""],""signal"":""exact_manifest_match""}]",https://www.mikihouse.co.jp/products/12-5302-490
12-7502-142,甚平オール,EXCLUDED,PDF_SPECIAL_LIST,"[{""reason"":""PDF_SPECIAL_LIST"",""matched_fields"":[""product_number""],""signal"":""exact_manifest_match""}]",https://www.mikihouse.co.jp/products/12-7502-142
12-7504-148,甚平スーツ,EXCLUDED,PDF_SPECIAL_LIST,"[{""reason"":""PDF_SPECIAL_LIST"",""matched_fields"":[""product_number""],""signal"":""exact_manifest_match""}]",https://www.mikihouse.co.jp/products/12-7504-148
12-7505-141,甚平オール,EXCLUDED,PDF_SPECIAL_LIST,"[{""reason"":""PDF_SPECIAL_LIST"",""matched_fields"":[""product_number""],""signal"":""exact_manifest_match""}]",https://www.mikihouse.co.jp/products/12-7505-141
12-7507-147,【ゴールドレーベル】作務衣,EXCLUDED,PDF_SPECIAL_LIST,"[{""reason"":""PDF_SPECIAL_LIST"",""matched_fields"":[""product_number""],""signal"":""exact_manifest_match""}]",https://www.mikihouse.co.jp/products/12-7507-147
12-7509-686,甚平オール,EXCLUDED,PDF_SPECIAL_LIST,"[{""reason"":""PDF_SPECIAL_LIST"",""matched_fields"":[""product_number""],""signal"":""exact_manifest_match""}]",https://www.mikihouse.co.jp/products/12-7509-686
12-7510-686,甚平スーツ,EXCLUDED,PDF_SPECIAL_LIST,"[{""reason"":""PDF_SPECIAL_LIST"",""matched_fields"":[""product_number""],""signal"":""exact_manifest_match""}]",https://www.mikihouse.co.jp/products/12-7510-686
12-7571-148,【ゴールドレーベル】作務衣（大人用）,EXCLUDED,PDF_SPECIAL_LIST,"[{""reason"":""PDF_SPECIAL_LIST"",""matched_fields"":[""product_number""],""signal"":""exact_manifest_match""}]",https://www.mikihouse.co.jp/products/12-7571-148
12-9103-794,帽子,EXCLUDED,PDF_SPECIAL_LIST,"[{""reason"":""PDF_SPECIAL_LIST"",""matched_fields"":[""product_number""],""signal"":""exact_manifest_match""}]",https://www.mikihouse.co.jp/products/12-9103-794
12-9106-496,【ゴールドレーベル】ベレー帽,EXCLUDED,PDF_SPECIAL_LIST,"[{""reason"":""PDF_SPECIAL_LIST"",""matched_fields"":[""product_number""],""signal"":""exact_manifest_match""}]",https://www.mikihouse.co.jp/products/12-9106-496
12-9303-143,ダブルラッセル ファーストベビーシューズ,EXCLUDED,PDF_SPECIAL_LIST,"[{""reason"":""PDF_SPECIAL_LIST"",""matched_fields"":[""product_number""],""signal"":""exact_manifest_match""}]",https://www.mikihouse.co.jp/products/12-9303-143
12-9305-682,ベビーサンダル,EXCLUDED,PDF_SPECIAL_LIST,"[{""reason"":""PDF_SPECIAL_LIST"",""matched_fields"":[""product_number""],""signal"":""exact_manifest_match""}]",https://www.mikihouse.co.jp/products/12-9305-682
12-9307-145,ダブルラッセル セカンドベビーシューズ,EXCLUDED,PDF_SPECIAL_LIST,"[{""reason"":""PDF_SPECIAL_LIST"",""matched_fields"":[""product_number""],""signal"":""exact_manifest_match""}]",https://www.mikihouse.co.jp/products/12-9307-145
12-9308-148,ダブルラッセル セカンドベビーシューズ,EXCLUDED,PDF_SPECIAL_LIST,"[{""reason"":""PDF_SPECIAL_LIST"",""matched_fields"":[""product_number""],""signal"":""exact_manifest_match""}]",https://www.mikihouse.co.jp/products/12-9308-148
12-9309-493,【ゴールドレーベル】ファーストシューズ,EXCLUDED,PDF_SPECIAL_LIST,"[{""reason"":""PDF_SPECIAL_LIST"",""matched_fields"":[""product_number""],""signal"":""exact_manifest_match""}]",https://www.mikihouse.co.jp/products/12-9309-493
12-9605-146,【WEB限定】ローカットボーダーソックス【WebLimited】,EXCLUDED,WEB_EXCLUSIVE,"[{""reason"":""WEB_EXCLUSIVE"",""matched_fields"":[""description"",""description_html"",""name"",""tags""],""signal"":""explicit_web_exclusive_marker""}]",https://www.mikihouse.co.jp/products/12-9605-146
12-9606-149,【WEB限定】ローカットソックス【WebLimited】,EXCLUDED,WEB_EXCLUSIVE,"[{""reason"":""WEB_EXCLUSIVE"",""matched_fields"":[""description"",""description_html"",""name"",""tags""],""signal"":""explicit_web_exclusive_marker""}]",https://www.mikihouse.co.jp/products/12-9606-149
12-9607-142,【WEB限定】ローカットソックス（大人用）【WebLimited】,EXCLUDED,WEB_EXCLUSIVE,"[{""reason"":""WEB_EXCLUSIVE"",""matched_fields"":[""description"",""description_html"",""name"",""tags""],""signal"":""explicit_web_exclusive_marker""}]",https://www.mikihouse.co.jp/products/12-9607-142
12-9608-145,【WEB限定】ローカットボーダーソックス（大人用）【WebLimited】,EXCLUDED,WEB_EXCLUSIVE,"[{""reason"":""WEB_EXCLUSIVE"",""matched_fields"":[""description"",""description_html"",""name"",""tags""],""signal"":""explicit_web_exclusive_marker""}]",https://www.mikihouse.co.jp/products/12-9608-145
13-1202-793,【ゴールドレーベル】カバーオールセット,EXCLUDED,PDF_SPECIAL_LIST,"[{""reason"":""PDF_SPECIAL_LIST"",""matched_fields"":[""product_number""],""signal"":""exact_manifest_match""}]",https://www.mikihouse.co.jp/products/13-1202-793
13-1702-491,【ゴールドレーベル】海島綿スカート,EXCLUDED,PDF_SPECIAL_LIST,"[{""reason"":""PDF_SPECIAL_LIST"",""matched_fields"":[""product_number""],""signal"":""exact_manifest_match""}]",https://www.mikihouse.co.jp/products/13-1702-491
13-1803-790,ジャンパースカート,EXCLUDED,PDF_SPECIAL_LIST,"[{""reason"":""PDF_SPECIAL_LIST"",""matched_fields"":[""product_number""],""signal"":""exact_manifest_match""}]",https://www.mikihouse.co.jp/products/13-1803-790
13-1901-496,ミキハウスチェックワンピース,EXCLUDED,PDF_SPECIAL_LIST,"[{""reason"":""PDF_SPECIAL_LIST"",""matched_fields"":[""product_number""],""signal"":""exact_manifest_match""}]",https://www.mikihouse.co.jp/products/13-1901-496
13-1904-143,ワンピース,EXCLUDED,PDF_SPECIAL_LIST,"[{""reason"":""PDF_SPECIAL_LIST"",""matched_fields"":[""product_number""],""signal"":""exact_manifest_match""}]",https://www.mikihouse.co.jp/products/13-1904-143
13-1905-689,パニエ付きワンピース,EXCLUDED,PDF_SPECIAL_LIST,"[{""reason"":""PDF_SPECIAL_LIST"",""matched_fields"":[""product_number""],""signal"":""exact_manifest_match""}]",https://www.mikihouse.co.jp/products/13-1905-689
13-3206-791,パンツ,EXCLUDED,PDF_SPECIAL_LIST,"[{""reason"":""PDF_SPECIAL_LIST"",""matched_fields"":[""product_number""],""signal"":""exact_manifest_match""}]",https://www.mikihouse.co.jp/products/13-3206-791
13-3207-794,パンツ,EXCLUDED,PDF_SPECIAL_LIST,"[{""reason"":""PDF_SPECIAL_LIST"",""matched_fields"":[""product_number""],""signal"":""exact_manifest_match""}]",https://www.mikihouse.co.jp/products/13-3207-794
13-3213-140,【WEB限定】ストレッチデニムパンツ,EXCLUDED,WEB_EXCLUSIVE,"[{""reason"":""WEB_EXCLUSIVE"",""matched_fields"":[""name"",""tags""],""signal"":""explicit_web_exclusive_marker""}]",https://www.mikihouse.co.jp/products/13-3213-140
13-3214-495,【ゴールドレーベル】海島綿パンツ,EXCLUDED,PDF_SPECIAL_LIST,"[{""reason"":""PDF_SPECIAL_LIST"",""matched_fields"":[""product_number""],""signal"":""exact_manifest_match""}]",https://www.mikihouse.co.jp/products/13-3214-495
13-3221-141,【WEB限定】裏シャギーパンツ,EXCLUDED,WEB_EXCLUSIVE,"[{""reason"":""WEB_EXCLUSIVE"",""matched_fields"":[""name"",""tags""],""signal"":""explicit_web_exclusive_marker""}]",https://www.mikihouse.co.jp/products/13-3221-141
13-3222-793,パンツ,EXCLUDED,PDF_SPECIAL_LIST,"[{""reason"":""PDF_SPECIAL_LIST"",""matched_fields"":[""product_number""],""signal"":""exact_manifest_match""}]",https://www.mikihouse.co.jp/products/13-3222-793
13-3223-796,パンツ,EXCLUDED,PDF_SPECIAL_LIST,"[{""reason"":""PDF_SPECIAL_LIST"",""matched_fields"":[""product_number""],""signal"":""exact_manifest_match""}]",https://www.mikihouse.co.jp/products/13-3223-796
13-3224-140,【ゴールドレーベル】カシミヤ吊り編み裏毛パンツ,EXCLUDED,PDF_SPECIAL_LIST,"[{""reason"":""PDF_SPECIAL_LIST"",""matched_fields"":[""product_number""],""signal"":""exact_manifest_match""}]",https://www.mikihouse.co.jp/products/13-3224-140
13-3303-791,オーバーオール,EXCLUDED,PDF_SPECIAL_LIST,"[{""reason"":""PDF_SPECIAL_LIST"",""matched_fields"":[""product_number""],""signal"":""exact_manifest_match""}]",https://www.mikihouse.co.jp/products/13-3303-791
13-3705-496,【ゴールドレーベル】ポーランドグースダウンジャケット,EXCLUDED,PDF_SPECIAL_LIST,"[{""reason"":""PDF_SPECIAL_LIST"",""matched_fields"":[""product_number""],""signal"":""exact_manifest_match""}]",https://www.mikihouse.co.jp/products/13-3705-496
13-3707-140,【ゴールドレーベル】ポーランドグースダウンジャケット,EXCLUDED,PDF_SPECIAL_LIST,"[{""reason"":""PDF_SPECIAL_LIST"",""matched_fields"":[""product_number""],""signal"":""exact_manifest_match""}]",https://www.mikihouse.co.jp/products/13-3707-140
13-3708-143,【ゴールドレーベル】ジャカード織 ダウンジャケット,EXCLUDED,PDF_SPECIAL_LIST,"[{""reason"":""PDF_SPECIAL_LIST"",""matched_fields"":[""product_number""],""signal"":""exact_manifest_match""}]",https://www.mikihouse.co.jp/products/13-3708-143
13-3709-795,パーカー,EXCLUDED,PDF_SPECIAL_LIST,"[{""reason"":""PDF_SPECIAL_LIST"",""matched_fields"":[""product_number""],""signal"":""exact_manifest_match""}]",https://www.mikihouse.co.jp/products/13-3709-795
13-3710-795,パーカー,EXCLUDED,PDF_SPECIAL_LIST,"[{""reason"":""PDF_SPECIAL_LIST"",""matched_fields"":[""product_number""],""signal"":""exact_manifest_match""}]",https://www.mikihouse.co.jp/products/13-3710-795
13-3714-797,ダウンジャケット,EXCLUDED,PDF_SPECIAL_LIST,"[{""reason"":""PDF_SPECIAL_LIST"",""matched_fields"":[""product_number""],""signal"":""exact_manifest_match""}]",https://www.mikihouse.co.jp/products/13-3714-797
13-3715-141,【WEB限定】パーカー,EXCLUDED,WEB_EXCLUSIVE,"[{""reason"":""WEB_EXCLUSIVE"",""matched_fields"":[""name"",""tags""],""signal"":""explicit_web_exclusive_marker""}]",https://www.mikihouse.co.jp/products/13-3715-141
13-3715-790,ダウンジャケット,EXCLUDED,PDF_SPECIAL_LIST,"[{""reason"":""PDF_SPECIAL_LIST"",""matched_fields"":[""product_number""],""signal"":""exact_manifest_match""}]",https://www.mikihouse.co.jp/products/13-3715-790
13-3716-144,【ゴールドレーベル】カシミヤ吊り編み裏毛パーカー,EXCLUDED,PDF_SPECIAL_LIST,"[{""reason"":""PDF_SPECIAL_LIST"",""matched_fields"":[""product_number""],""signal"":""exact_manifest_match""}]",https://www.mikihouse.co.jp/products/13-3716-144
13-3771-141,【ゴールドレーベル】ポーランドグースダウンジャケット（大人用）,EXCLUDED,PDF_SPECIAL_LIST,"[{""reason"":""PDF_SPECIAL_LIST"",""matched_fields"":[""product_number""],""signal"":""exact_manifest_match""}]",https://www.mikihouse.co.jp/products/13-3771-141
13-3801-493,【ゴールドレーベル】カシミヤダッフルコート,EXCLUDED,PDF_SPECIAL_LIST,"[{""reason"":""PDF_SPECIAL_LIST"",""matched_fields"":[""product_number""],""signal"":""exact_manifest_match""}]",https://www.mikihouse.co.jp/products/13-3801-493
13-3801-578,【ゴールドレーベル】ポーランドグースダウンコート,EXCLUDED,PDF_SPECIAL_LIST,"[{""reason"":""PDF_SPECIAL_LIST"",""matched_fields"":[""product_number""],""signal"":""exact_manifest_match""}]",https://www.mikihouse.co.jp/products/13-3801-578
13-3803-147,マント,EXCLUDED,PDF_SPECIAL_LIST,"[{""reason"":""PDF_SPECIAL_LIST"",""matched_fields"":[""product_number""],""signal"":""exact_manifest_match""}]",https://www.mikihouse.co.jp/products/13-3803-147
13-5210-796,長袖Ｔシャツ,EXCLUDED,PDF_SPECIAL_LIST,"[{""reason"":""PDF_SPECIAL_LIST"",""matched_fields"":[""product_number""],""signal"":""exact_manifest_match""}]",https://www.mikihouse.co.jp/products/13-5210-796
13-5211-799,長袖Ｔシャツ,EXCLUDED,PDF_SPECIAL_LIST,"[{""reason"":""PDF_SPECIAL_LIST"",""matched_fields"":[""product_number""],""signal"":""exact_manifest_match""}]",https://www.mikihouse.co.jp/products/13-5211-799
13-5218-141,【WEB限定】長袖Ｔシャツ,EXCLUDED,WEB_EXCLUSIVE,"[{""reason"":""WEB_EXCLUSIVE"",""matched_fields"":[""name"",""tags""],""signal"":""explicit_web_exclusive_marker""}]",https://www.mikihouse.co.jp/products/13-5218-141
13-5609-143,トレーナー,EXCLUDED,PDF_SPECIAL_LIST,"[{""reason"":""PDF_SPECIAL_LIST"",""matched_fields"":[""product_number""],""signal"":""exact_manifest_match""}]",https://www.mikihouse.co.jp/products/13-5609-143
13-5617-793,裏起毛トレーナー,EXCLUDED,PDF_SPECIAL_LIST,"[{""reason"":""PDF_SPECIAL_LIST"",""matched_fields"":[""product_number""],""signal"":""exact_manifest_match""}]",https://www.mikihouse.co.jp/products/13-5617-793
13-5618-796,裏起毛トレーナー,EXCLUDED,PDF_SPECIAL_LIST,"[{""reason"":""PDF_SPECIAL_LIST"",""matched_fields"":[""product_number""],""signal"":""exact_manifest_match""}]",https://www.mikihouse.co.jp/products/13-5618-796
13-5619-492,【ゴールドレーベル】海島綿フーディー,EXCLUDED,PDF_SPECIAL_LIST,"[{""reason"":""PDF_SPECIAL_LIST"",""matched_fields"":[""product_number""],""signal"":""exact_manifest_match""}]",https://www.mikihouse.co.jp/products/13-5619-492
13-5624-142,【ゴールドレーベル】カシミヤ吊り編み裏毛トレーナー,EXCLUDED,PDF_SPECIAL_LIST,"[{""reason"":""PDF_SPECIAL_LIST"",""matched_fields"":[""product_number""],""signal"":""exact_manifest_match""}]",https://www.mikihouse.co.jp/products/13-5624-142
13-5672-141,【ゴールドレーベル】カシミヤ吊り編み裏毛トレーナー（大人用）,EXCLUDED,PDF_SPECIAL_LIST,"[{""reason"":""PDF_SPECIAL_LIST"",""matched_fields"":[""product_number""],""signal"":""exact_manifest_match""}]",https://www.mikihouse.co.jp/products/13-5672-141
13-5701-148,【ゴールドレーベル】ジャカード織 ダウンベスト,EXCLUDED,PDF_SPECIAL_LIST,"[{""reason"":""PDF_SPECIAL_LIST"",""matched_fields"":[""product_number""],""signal"":""exact_manifest_match""}]",https://www.mikihouse.co.jp/products/13-5701-148
13-6602-497,【ゴールドレーベル】ベビーカシミヤセーター,EXCLUDED,PDF_SPECIAL_LIST,"[{""reason"":""PDF_SPECIAL_LIST"",""matched_fields"":[""product_number""],""signal"":""exact_manifest_match""}]",https://www.mikihouse.co.jp/products/13-6602-497
13-6602-572,【ゴールドレーベル】カシミヤセーター,EXCLUDED,PDF_SPECIAL_LIST,"[{""reason"":""PDF_SPECIAL_LIST"",""matched_fields"":[""product_number""],""signal"":""exact_manifest_match""}]",https://www.mikihouse.co.jp/products/13-6602-572
13-6603-797,セーター,EXCLUDED,PDF_SPECIAL_LIST,"[{""reason"":""PDF_SPECIAL_LIST"",""matched_fields"":[""product_number""],""signal"":""exact_manifest_match""}]",https://www.mikihouse.co.jp/products/13-6603-797
13-6671-493,【ゴールドレーベル】ベビーカシミヤセーター（大人用）,EXCLUDED,PDF_SPECIAL_LIST,"[{""reason"":""PDF_SPECIAL_LIST"",""matched_fields"":[""product_number""],""signal"":""exact_manifest_match""}]",https://www.mikihouse.co.jp/products/13-6671-493
13-7303-496,【ゴールドレーベル】海島綿パジャマ,EXCLUDED,PDF_SPECIAL_LIST,"[{""reason"":""PDF_SPECIAL_LIST"",""matched_fields"":[""product_number""],""signal"":""exact_manifest_match""}]",https://www.mikihouse.co.jp/products/13-7303-496
13-7305-683,【WEB限定】長袖パジャマ,EXCLUDED,WEB_EXCLUSIVE,"[{""reason"":""WEB_EXCLUSIVE"",""matched_fields"":[""name"",""tags""],""signal"":""explicit_web_exclusive_marker""}]",https://www.mikihouse.co.jp/products/13-7305-683
13-7306-495,ルームウエアセット【箱入】,EXCLUDED,PDF_SPECIAL_LIST,"[{""reason"":""PDF_SPECIAL_LIST"",""matched_fields"":[""product_number""],""signal"":""exact_manifest_match""}]",https://www.mikihouse.co.jp/products/13-7306-495
13-7306-686,【WEB限定】長袖パジャマ,EXCLUDED,WEB_EXCLUSIVE,"[{""reason"":""WEB_EXCLUSIVE"",""matched_fields"":[""name"",""tags""],""signal"":""explicit_web_exclusive_marker""}]",https://www.mikihouse.co.jp/products/13-7306-686
13-7702-499,【ゴールドレーベル】カシミヤマフラー,EXCLUDED,PDF_SPECIAL_LIST,"[{""reason"":""PDF_SPECIAL_LIST"",""matched_fields"":[""product_number""],""signal"":""exact_manifest_match""}]",https://www.mikihouse.co.jp/products/13-7702-499
13-7771-495,【ゴールドレーベル】カシミヤマフラー（大人用）,EXCLUDED,PDF_SPECIAL_LIST,"[{""reason"":""PDF_SPECIAL_LIST"",""matched_fields"":[""product_number""],""signal"":""exact_manifest_match""}]",https://www.mikihouse.co.jp/products/13-7771-495
13-8103-682,てぬぐい,EXCLUDED,PDF_SPECIAL_LIST,"[{""reason"":""PDF_SPECIAL_LIST"",""matched_fields"":[""product_number""],""signal"":""exact_manifest_match""}]",https://www.mikihouse.co.jp/products/13-8103-682
13-9201-497,【ゴールドレーベル】ニットフード,EXCLUDED,PDF_SPECIAL_LIST,"[{""reason"":""PDF_SPECIAL_LIST"",""matched_fields"":[""product_number""],""signal"":""exact_manifest_match""}]",https://www.mikihouse.co.jp/products/13-9201-497
13-9301-687,ファーストベビーシューズ,EXCLUDED,PDF_SPECIAL_LIST,"[{""reason"":""PDF_SPECIAL_LIST"",""matched_fields"":[""product_number""],""signal"":""exact_manifest_match""}]",https://www.mikihouse.co.jp/products/13-9301-687
13-9302-680,ファーストベビーシューズ,EXCLUDED,PDF_SPECIAL_LIST,"[{""reason"":""PDF_SPECIAL_LIST"",""matched_fields"":[""product_number""],""signal"":""exact_manifest_match""}]",https://www.mikihouse.co.jp/products/13-9302-680
13-9303-492,セカンドベビーシューズ,EXCLUDED,PDF_SPECIAL_LIST,"[{""reason"":""PDF_SPECIAL_LIST"",""matched_fields"":[""product_number""],""signal"":""exact_manifest_match""}]",https://www.mikihouse.co.jp/products/13-9303-492
13-9303-799,ファーストベビーシューズ,EXCLUDED,PDF_SPECIAL_LIST,"[{""reason"":""PDF_SPECIAL_LIST"",""matched_fields"":[""product_number""],""signal"":""exact_manifest_match""}]",https://www.mikihouse.co.jp/products/13-9303-799
13-9304-143,セカンドベビーシューズ,EXCLUDED,PDF_SPECIAL_LIST,"[{""reason"":""PDF_SPECIAL_LIST"",""matched_fields"":[""product_number""],""signal"":""exact_manifest_match""}]",https://www.mikihouse.co.jp/products/13-9304-143
13-9305-689,ベビーブーツ,EXCLUDED,PDF_SPECIAL_LIST,"[{""reason"":""PDF_SPECIAL_LIST"",""matched_fields"":[""product_number""],""signal"":""exact_manifest_match""}]",https://www.mikihouse.co.jp/products/13-9305-689
13-9306-798,ファーストベビーシューズ,EXCLUDED,PDF_SPECIAL_LIST,"[{""reason"":""PDF_SPECIAL_LIST"",""matched_fields"":[""product_number""],""signal"":""exact_manifest_match""}]",https://www.mikihouse.co.jp/products/13-9306-798
13-9307-579,【ゴールドレーベル】ファーストベビーシューズ,EXCLUDED,PDF_SPECIAL_LIST,"[{""reason"":""PDF_SPECIAL_LIST"",""matched_fields"":[""product_number""],""signal"":""exact_manifest_match""}]",https://www.mikihouse.co.jp/products/13-9307-579
13-9307-791,セカンドベビーシューズ,EXCLUDED,PDF_SPECIAL_LIST,"[{""reason"":""PDF_SPECIAL_LIST"",""matched_fields"":[""product_number""],""signal"":""exact_manifest_match""}]",https://www.mikihouse.co.jp/products/13-9307-791
13-9308-145,セカンドベビーシューズ,EXCLUDED,PDF_SPECIAL_LIST,"[{""reason"":""PDF_SPECIAL_LIST"",""matched_fields"":[""product_number""],""signal"":""exact_manifest_match""}]",https://www.mikihouse.co.jp/products/13-9308-145
13-9308-572,【ゴールドレーベル】セカンドベビーシューズ,EXCLUDED,PDF_SPECIAL_LIST,"[{""reason"":""PDF_SPECIAL_LIST"",""matched_fields"":[""product_number""],""signal"":""exact_manifest_match""}]",https://www.mikihouse.co.jp/products/13-9308-572
13-9308-794,ファーストベビーシューズ,EXCLUDED,PDF_SPECIAL_LIST,"[{""reason"":""PDF_SPECIAL_LIST"",""matched_fields"":[""product_number""],""signal"":""exact_manifest_match""}]",https://www.mikihouse.co.jp/products/13-9308-794
13-9309-148,ミキハウスベア ファーストベビーシューズ,EXCLUDED,PDF_SPECIAL_LIST,"[{""reason"":""PDF_SPECIAL_LIST"",""matched_fields"":[""product_number""],""signal"":""exact_manifest_match""}]",https://www.mikihouse.co.jp/products/13-9309-148
13-9311-790,セカンドベビーシューズ,EXCLUDED,PDF_SPECIAL_LIST,"[{""reason"":""PDF_SPECIAL_LIST"",""matched_fields"":[""product_number""],""signal"":""exact_manifest_match""}]",https://www.mikihouse.co.jp/products/13-9311-790
13-9402-573,【ゴールドレーベル】キッズシューズ,EXCLUDED,PDF_SPECIAL_LIST,"[{""reason"":""PDF_SPECIAL_LIST"",""matched_fields"":[""product_number""],""signal"":""exact_manifest_match""}]",https://www.mikihouse.co.jp/products/13-9402-573
13-9403-798,キッズシューズ,EXCLUDED,PDF_SPECIAL_LIST,"[{""reason"":""PDF_SPECIAL_LIST"",""matched_fields"":[""product_number""],""signal"":""exact_manifest_match""}]",https://www.mikihouse.co.jp/products/13-9403-798
14-9660-680,【WEB限定】ソックスパック３足セット【WebLimited】,EXCLUDED,WEB_EXCLUSIVE,"[{""reason"":""WEB_EXCLUSIVE"",""matched_fields"":[""description"",""description_html"",""name"",""tags""],""signal"":""explicit_web_exclusive_marker""}]",https://www.mikihouse.co.jp/products/14-9660-680
14-9661-140,【WEB限定】ソックスパック３足セット,EXCLUDED,WEB_EXCLUSIVE,"[{""reason"":""WEB_EXCLUSIVE"",""matched_fields"":[""description"",""description_html"",""name"",""tags""],""signal"":""explicit_web_exclusive_marker""}]",https://www.mikihouse.co.jp/products/14-9661-140
14-9664-149,【WEB限定】ローカットソックスパック３足セット【WebLimited】,EXCLUDED,WEB_EXCLUSIVE,"[{""reason"":""WEB_EXCLUSIVE"",""matched_fields"":[""description"",""description_html"",""name"",""tags""],""signal"":""explicit_web_exclusive_marker""}]",https://www.mikihouse.co.jp/products/14-9664-149
14-9665-142,【WEB限定】ソックスパック３足セット【WebLimited】,EXCLUDED,WEB_EXCLUSIVE,"[{""reason"":""WEB_EXCLUSIVE"",""matched_fields"":[""description"",""description_html"",""name"",""tags""],""signal"":""explicit_web_exclusive_marker""}]",https://www.mikihouse.co.jp/products/14-9665-142
14-9906-492,【WEB限定】ミキハウス カタカナ半袖Tシャツ【BOX付き】,EXCLUDED,WEB_EXCLUSIVE,"[{""reason"":""WEB_EXCLUSIVE"",""matched_fields"":[""description"",""description_html"",""name"",""tags""],""signal"":""explicit_web_exclusive_marker""}]",https://www.mikihouse.co.jp/products/14-9906-492
14-9907-495,【WEB限定】ミキハウス カタカナ９分丈ベビースパッツ【BOX付き】,EXCLUDED,WEB_EXCLUSIVE,"[{""reason"":""WEB_EXCLUSIVE"",""matched_fields"":[""description"",""description_html"",""name"",""tags""],""signal"":""explicit_web_exclusive_marker""}]",https://www.mikihouse.co.jp/products/14-9907-495
14-9909-491,【WEB限定】ミキハウス カタカナソックス＆ミニタオルセット【BOX付き】,EXCLUDED,WEB_EXCLUSIVE,"[{""reason"":""WEB_EXCLUSIVE"",""matched_fields"":[""description"",""description_html"",""name"",""tags""],""signal"":""explicit_web_exclusive_marker""}]",https://www.mikihouse.co.jp/products/14-9909-491
14-9909-682,【WEB限定】肌着セット キッズ上下4点セット,EXCLUDED,WEB_EXCLUSIVE,"[{""reason"":""WEB_EXCLUSIVE"",""matched_fields"":[""name"",""tags""],""signal"":""explicit_web_exclusive_marker""}]",https://www.mikihouse.co.jp/products/14-9909-682
14-9910-682,【WEB限定】肌着セット キッズ上下4点セット,EXCLUDED,WEB_EXCLUSIVE,"[{""reason"":""WEB_EXCLUSIVE"",""matched_fields"":[""name"",""tags""],""signal"":""explicit_web_exclusive_marker""}]",https://www.mikihouse.co.jp/products/14-9910-682
14-9911-494,【WEB限定】スタイ・ブルマセット【BOX付き】,EXCLUDED,WEB_EXCLUSIVE,"[{""reason"":""WEB_EXCLUSIVE"",""matched_fields"":[""name"",""tags""],""signal"":""explicit_web_exclusive_marker""}]",https://www.mikihouse.co.jp/products/14-9911-494
14-9911-685,【WEB限定】肌着セット キッズトップス3点セット,EXCLUDED,WEB_EXCLUSIVE,"[{""reason"":""WEB_EXCLUSIVE"",""matched_fields"":[""name"",""tags""],""signal"":""explicit_web_exclusive_marker""}]",https://www.mikihouse.co.jp/products/14-9911-685
14-9915-687,【WEB限定】肌着セット トップス＆ボディシャツ3点セット,EXCLUDED,WEB_EXCLUSIVE,"[{""reason"":""WEB_EXCLUSIVE"",""matched_fields"":[""name"",""tags""],""signal"":""explicit_web_exclusive_marker""}]",https://www.mikihouse.co.jp/products/14-9915-687
14-9916-680,【WEB限定】肌着セット キッズ上下4点セット,EXCLUDED,WEB_EXCLUSIVE,"[{""reason"":""WEB_EXCLUSIVE"",""matched_fields"":[""name"",""tags""],""signal"":""explicit_web_exclusive_marker""}]",https://www.mikihouse.co.jp/products/14-9916-680
14-9916-796,【WEB限定】ギフト　半袖Ｔシャツ・カーディガンセット【BOX付き】,EXCLUDED,WEB_EXCLUSIVE,"[{""reason"":""WEB_EXCLUSIVE"",""matched_fields"":[""name"",""tags""],""signal"":""explicit_web_exclusive_marker""}]",https://www.mikihouse.co.jp/products/14-9916-796
14-9917-799,【WEB限定】ギフト　ミキハウスベア半袖Ｔシャツセット【BOX付き】,EXCLUDED,WEB_EXCLUSIVE,"[{""reason"":""WEB_EXCLUSIVE"",""matched_fields"":[""name"",""tags""],""signal"":""explicit_web_exclusive_marker""}]",https://www.mikihouse.co.jp/products/14-9917-799
14-9918-686,【WEB限定】肌着セット キッズ上下4点セット,EXCLUDED,WEB_EXCLUSIVE,"[{""reason"":""WEB_EXCLUSIVE"",""matched_fields"":[""name"",""tags""],""signal"":""explicit_web_exclusive_marker""}]",https://www.mikihouse.co.jp/products/14-9918-686
14-9918-792,【WEB限定】ギフト　ボックスロゴ半袖Ｔシャツセット【BOX付き】,EXCLUDED,WEB_EXCLUSIVE,"[{""reason"":""WEB_EXCLUSIVE"",""matched_fields"":[""name"",""tags""],""signal"":""explicit_web_exclusive_marker""}]",https://www.mikihouse.co.jp/products/14-9918-792
14-9919-795,【WEB限定】ギフト　ボーダー半袖Ｔシャツセット【BOX付き】,EXCLUDED,WEB_EXCLUSIVE,"[{""reason"":""WEB_EXCLUSIVE"",""matched_fields"":[""name"",""tags""],""signal"":""explicit_web_exclusive_marker""}]",https://www.mikihouse.co.jp/products/14-9919-795
14-9920-689,【WEB限定】肌着セット 長袖ボディシャツ2点セット,EXCLUDED,WEB_EXCLUSIVE,"[{""reason"":""WEB_EXCLUSIVE"",""matched_fields"":[""name"",""tags""],""signal"":""explicit_web_exclusive_marker""}]",https://www.mikihouse.co.jp/products/14-9920-689
14-9921-682,【WEB限定】肌着セット トップス＆ボディシャツ3点セット,EXCLUDED,WEB_EXCLUSIVE,"[{""reason"":""WEB_EXCLUSIVE"",""matched_fields"":[""name"",""tags""],""signal"":""explicit_web_exclusive_marker""}]",https://www.mikihouse.co.jp/products/14-9921-682
14-9921-798,【WEB限定】ギフト　ワンピースセット【BOX付き】,EXCLUDED,WEB_EXCLUSIVE,"[{""reason"":""WEB_EXCLUSIVE"",""matched_fields"":[""name"",""tags""],""signal"":""explicit_web_exclusive_marker""}]",https://www.mikihouse.co.jp/products/14-9921-798
14-9922-685,【WEB限定】ギフト スタイ・ブルマセット【BOX付き】,EXCLUDED,WEB_EXCLUSIVE,"[{""reason"":""WEB_EXCLUSIVE"",""matched_fields"":[""name"",""tags""],""signal"":""explicit_web_exclusive_marker""}]",https://www.mikihouse.co.jp/products/14-9922-685
14-9922-791,【WEB限定】ギフト　半袖Ｔシャツセット【BOX付き】,EXCLUDED,WEB_EXCLUSIVE,"[{""reason"":""WEB_EXCLUSIVE"",""matched_fields"":[""name"",""tags""],""signal"":""explicit_web_exclusive_marker""}]",https://www.mikihouse.co.jp/products/14-9922-791
14-9923-688,【WEB限定】ギフト スタイ・ブルマセット【BOX付き】,EXCLUDED,WEB_EXCLUSIVE,"[{""reason"":""WEB_EXCLUSIVE"",""matched_fields"":[""name"",""tags""],""signal"":""explicit_web_exclusive_marker""}]",https://www.mikihouse.co.jp/products/14-9923-688
14-9923-794,【WEB限定】ギフト　半袖Ｔシャツセット【BOX付き】,EXCLUDED,WEB_EXCLUSIVE,"[{""reason"":""WEB_EXCLUSIVE"",""matched_fields"":[""name"",""tags""],""signal"":""explicit_web_exclusive_marker""}]",https://www.mikihouse.co.jp/products/14-9923-794
14-9924-681,【WEB限定】ギフト オーバーオール・ソックスセット【BOX付き】,EXCLUDED,WEB_EXCLUSIVE,"[{""reason"":""WEB_EXCLUSIVE"",""matched_fields"":[""name"",""tags""],""signal"":""explicit_web_exclusive_marker""}]",https://www.mikihouse.co.jp/products/14-9924-681
14-9924-797,【WEB限定】ギフト　半袖Ｔシャツセット【BOX付き】,EXCLUDED,WEB_EXCLUSIVE,"[{""reason"":""WEB_EXCLUSIVE"",""matched_fields"":[""name"",""tags""],""signal"":""explicit_web_exclusive_marker""}]",https://www.mikihouse.co.jp/products/14-9924-797
14-9925-684,【WEB限定】ギフト マリン半袖Ｔシャツセット【BOX付き】,EXCLUDED,WEB_EXCLUSIVE,"[{""reason"":""WEB_EXCLUSIVE"",""matched_fields"":[""name"",""tags""],""signal"":""explicit_web_exclusive_marker""}]",https://www.mikihouse.co.jp/products/14-9925-684
14-9925-790,【WEB限定】ギフト　イカリボーダー半袖Ｔシャツセット【BOX付き】,EXCLUDED,WEB_EXCLUSIVE,"[{""reason"":""WEB_EXCLUSIVE"",""matched_fields"":[""name"",""tags""],""signal"":""explicit_web_exclusive_marker""}]",https://www.mikihouse.co.jp/products/14-9925-790
14-9926-687,【WEB限定】ギフト ミキハウスベア半袖Ｔシャツセット【BOX付き】,EXCLUDED,WEB_EXCLUSIVE,"[{""reason"":""WEB_EXCLUSIVE"",""matched_fields"":[""name"",""tags""],""signal"":""explicit_web_exclusive_marker""}]",https://www.mikihouse.co.jp/products/14-9926-687
14-9926-793,【WEB限定】ギフト　サロペットセット【BOX付き】,EXCLUDED,WEB_EXCLUSIVE,"[{""reason"":""WEB_EXCLUSIVE"",""matched_fields"":[""name"",""tags""],""signal"":""explicit_web_exclusive_marker""}]",https://www.mikihouse.co.jp/products/14-9926-793
14-9927-796,【WEB限定】ギフト　ミキハウスベア ルームウエアセット【BOX付き】,EXCLUDED,WEB_EXCLUSIVE,"[{""reason"":""WEB_EXCLUSIVE"",""matched_fields"":[""name"",""tags""],""signal"":""explicit_web_exclusive_marker""}]",https://www.mikihouse.co.jp/products/14-9927-796
14-9928-799,【WEB限定】ギフト　ボディシャツセット【BOX付き】,EXCLUDED,WEB_EXCLUSIVE,"[{""reason"":""WEB_EXCLUSIVE"",""matched_fields"":[""description"",""description_html"",""name"",""tags""],""signal"":""explicit_web_exclusive_marker""}]",https://www.mikihouse.co.jp/products/14-9928-799
14-9938-680,【WEB限定】UV対策 キャップ・ソックスセット,EXCLUDED,WEB_EXCLUSIVE,"[{""reason"":""WEB_EXCLUSIVE"",""matched_fields"":[""name"",""tags""],""signal"":""explicit_web_exclusive_marker""}]",https://www.mikihouse.co.jp/products/14-9938-680
14-9939-683,【WEB限定】UV対策 日よけ付き帽子・ソックスセット,EXCLUDED,WEB_EXCLUSIVE,"[{""reason"":""WEB_EXCLUSIVE"",""matched_fields"":[""name"",""tags""],""signal"":""explicit_web_exclusive_marker""}]",https://www.mikihouse.co.jp/products/14-9939-683
14-9940-683,【WEB限定】UV対策 テンガロンハット・ソックスセット,EXCLUDED,WEB_EXCLUSIVE,"[{""reason"":""WEB_EXCLUSIVE"",""matched_fields"":[""name"",""tags""],""signal"":""explicit_web_exclusive_marker""}]",https://www.mikihouse.co.jp/products/14-9940-683
14-9941-686,【WEB限定】UV対策 日よけ付き帽子・ソックスセット,EXCLUDED,WEB_EXCLUSIVE,"[{""reason"":""WEB_EXCLUSIVE"",""matched_fields"":[""name"",""tags""],""signal"":""explicit_web_exclusive_marker""}]",https://www.mikihouse.co.jp/products/14-9941-686
14-9942-689,【WEB限定】UV対策 テンガロン風帽子・ソックスセット,EXCLUDED,WEB_EXCLUSIVE,"[{""reason"":""WEB_EXCLUSIVE"",""matched_fields"":[""name"",""tags""],""signal"":""explicit_web_exclusive_marker""}]",https://www.mikihouse.co.jp/products/14-9942-689
14-9943-682,【WEB限定】UV対策 リボン付き帽子・ソックスセット,EXCLUDED,WEB_EXCLUSIVE,"[{""reason"":""WEB_EXCLUSIVE"",""matched_fields"":[""name"",""tags""],""signal"":""explicit_web_exclusive_marker""}]",https://www.mikihouse.co.jp/products/14-9943-682
14-9944-685,【WEB限定】春夏 プッチー半袖Tシャツセット,EXCLUDED,WEB_EXCLUSIVE,"[{""reason"":""WEB_EXCLUSIVE"",""matched_fields"":[""name"",""tags""],""signal"":""explicit_web_exclusive_marker""}]",https://www.mikihouse.co.jp/products/14-9944-685
14-9945-688,【WEB限定】春夏 ロゴ半袖Tシャツセット,EXCLUDED,WEB_EXCLUSIVE,"[{""reason"":""WEB_EXCLUSIVE"",""matched_fields"":[""name"",""tags""],""signal"":""explicit_web_exclusive_marker""}]",https://www.mikihouse.co.jp/products/14-9945-688
14-9950-680,【WEB限定】ギフト 音のでるえほんセット【BOX付き】,EXCLUDED,WEB_EXCLUSIVE,"[{""reason"":""WEB_EXCLUSIVE"",""matched_fields"":[""name"",""tags""],""signal"":""explicit_web_exclusive_marker""}]",https://www.mikihouse.co.jp/products/14-9950-680
14-9958-684,【WEB限定】ギフト　パジャマセット【BOX付き】,EXCLUDED,WEB_EXCLUSIVE,"[{""reason"":""WEB_EXCLUSIVE"",""matched_fields"":[""name"",""tags""],""signal"":""explicit_web_exclusive_marker""}]",https://www.mikihouse.co.jp/products/14-9958-684
14-9959-687,【WEB限定】ギフト　パジャマセット【BOX付き】,EXCLUDED,WEB_EXCLUSIVE,"[{""reason"":""WEB_EXCLUSIVE"",""matched_fields"":[""name"",""tags""],""signal"":""explicit_web_exclusive_marker""}]",https://www.mikihouse.co.jp/products/14-9959-687
14-9982-144,【WEB限定】ギフト ロンパース・スタイセット【BOX付き】,EXCLUDED,WEB_EXCLUSIVE,"[{""reason"":""WEB_EXCLUSIVE"",""matched_fields"":[""description"",""description_html"",""name"",""tags""],""signal"":""explicit_web_exclusive_marker""}]",https://www.mikihouse.co.jp/products/14-9982-144
14-9984-140,【WEB限定】ギフト スタイ・ソックスセット【BOX付き】,EXCLUDED,WEB_EXCLUSIVE,"[{""reason"":""WEB_EXCLUSIVE"",""matched_fields"":[""description"",""description_html"",""name"",""tags""],""signal"":""explicit_web_exclusive_marker""}]",https://www.mikihouse.co.jp/products/14-9984-140
14-9985-143,【WEB限定】ギフト オーバーオールセット【BOX付き】,EXCLUDED,WEB_EXCLUSIVE,"[{""reason"":""WEB_EXCLUSIVE"",""matched_fields"":[""description"",""description_html"",""name"",""tags""],""signal"":""explicit_web_exclusive_marker""}]",https://www.mikihouse.co.jp/products/14-9985-143
14-9997-146,【WEB限定】ギフト フリースベストセット【BOX付き】,EXCLUDED,WEB_EXCLUSIVE,"[{""reason"":""WEB_EXCLUSIVE"",""matched_fields"":[""name"",""tags""],""signal"":""explicit_web_exclusive_marker""}]",https://www.mikihouse.co.jp/products/14-9997-146
14-9998-149,【WEB限定】ギフト フード＆マフラーセット【BOX付き】,EXCLUDED,WEB_EXCLUSIVE,"[{""reason"":""WEB_EXCLUSIVE"",""matched_fields"":[""name"",""tags""],""signal"":""explicit_web_exclusive_marker""}]",https://www.mikihouse.co.jp/products/14-9998-149
15-3054-796,【ゴールドレーベル】シャンプー,EXCLUDED,PDF_SPECIAL_LIST,"[{""reason"":""PDF_SPECIAL_LIST"",""matched_fields"":[""product_number""],""signal"":""exact_manifest_match""}]",https://www.mikihouse.co.jp/products/15-3054-796
15-3055-799,【ゴールドレーベル】トリートメント,EXCLUDED,PDF_SPECIAL_LIST,"[{""reason"":""PDF_SPECIAL_LIST"",""matched_fields"":[""product_number""],""signal"":""exact_manifest_match""}]",https://www.mikihouse.co.jp/products/15-3055-799
15-3057-795,アウトドア モイスチャースプレー,EXCLUDED,PDF_SPECIAL_LIST,"[{""reason"":""PDF_SPECIAL_LIST"",""matched_fields"":[""product_number""],""signal"":""exact_manifest_match""}]",https://www.mikihouse.co.jp/products/15-3057-795
16-1657-684,【ゴールドレーベル】サングラス,EXCLUDED,PDF_SPECIAL_LIST,"[{""reason"":""PDF_SPECIAL_LIST"",""matched_fields"":[""product_number""],""signal"":""exact_manifest_match""}]",https://www.mikihouse.co.jp/products/16-1657-684
16-1662-686,【ゴールドレーベル】デニムベア,EXCLUDED,PDF_SPECIAL_LIST,"[{""reason"":""PDF_SPECIAL_LIST"",""matched_fields"":[""product_number""],""signal"":""exact_manifest_match""}]",https://www.mikihouse.co.jp/products/16-1662-686
16-1668-790,【ゴールドレーベル】ラムスキン ベア,EXCLUDED,PDF_SPECIAL_LIST,"[{""reason"":""PDF_SPECIAL_LIST"",""matched_fields"":[""product_number""],""signal"":""exact_manifest_match""}]",https://www.mikihouse.co.jp/products/16-1668-790
16-2186-680,【ゴールドレーベル】サテンヘアバンド,EXCLUDED,PDF_SPECIAL_LIST,"[{""reason"":""PDF_SPECIAL_LIST"",""matched_fields"":[""product_number""],""signal"":""exact_manifest_match""}]",https://www.mikihouse.co.jp/products/16-2186-680
16-2195-141,【ゴールドレーベル】シルクレースカチューシャ,EXCLUDED,PDF_SPECIAL_LIST,"[{""reason"":""PDF_SPECIAL_LIST"",""matched_fields"":[""product_number""],""signal"":""exact_manifest_match""}]",https://www.mikihouse.co.jp/products/16-2195-141
16-2198-799,【ゴールドレーベル】カチューシャ,EXCLUDED,PDF_SPECIAL_LIST,"[{""reason"":""PDF_SPECIAL_LIST"",""matched_fields"":[""product_number""],""signal"":""exact_manifest_match""}]",https://www.mikihouse.co.jp/products/16-2198-799
19-1680-494,オリジナルピクニックバスケット,EXCLUDED,NON_SELLABLE_SERVICE_OR_ADDON,"[{""reason"":""NON_SELLABLE_SERVICE_OR_ADDON"",""matched_fields"":[""product_type"",""tags""],""signal"":""explicit_official_cart_support_product_type"",""service_or_addon_kind"":""NOVELTY_OR_FREE_ITEM"",""official_product_type"":""ノベルティ商品"",""corroborating_tags"":[""ノベルティ商品""],""corroboration_status"":""OFFICIAL_PRODUCT_TYPE_AND_TAG"",""permanent_product_number_match"":true,""classification_does_not_depend_on_zero_price"":true}]",https://www.mikihouse.co.jp/products/19-1680-494
19-1683-493,オーナメント＆缶,EXCLUDED,NON_SELLABLE_SERVICE_OR_ADDON,"[{""reason"":""NON_SELLABLE_SERVICE_OR_ADDON"",""matched_fields"":[""product_type"",""tags""],""signal"":""explicit_official_cart_support_product_type"",""service_or_addon_kind"":""NOVELTY_OR_FREE_ITEM"",""official_product_type"":""ノベルティ商品"",""corroborating_tags"":[""ノベルティ商品""],""corroboration_status"":""OFFICIAL_PRODUCT_TYPE_AND_TAG"",""permanent_product_number_match"":true,""classification_does_not_depend_on_zero_price"":true}]",https://www.mikihouse.co.jp/products/19-1683-493
19-1685-499,てくてく計測シート,EXCLUDED,NON_SELLABLE_SERVICE_OR_ADDON,"[{""reason"":""NON_SELLABLE_SERVICE_OR_ADDON"",""matched_fields"":[""product_type"",""tags""],""signal"":""explicit_official_cart_support_product_type"",""service_or_addon_kind"":""NOVELTY_OR_FREE_ITEM"",""official_product_type"":""ノベルティ商品"",""corroborating_tags"":[""ノベルティ商品""],""corroboration_status"":""OFFICIAL_PRODUCT_TYPE_AND_TAG"",""permanent_product_number_match"":true,""classification_does_not_depend_on_zero_price"":true}]",https://www.mikihouse.co.jp/products/19-1685-499
19-1685-680,ミニタオル,EXCLUDED,NON_SELLABLE_SERVICE_OR_ADDON,"[{""reason"":""NON_SELLABLE_SERVICE_OR_ADDON"",""matched_fields"":[""product_type"",""tags""],""signal"":""explicit_official_cart_support_product_type"",""service_or_addon_kind"":""NOVELTY_OR_FREE_ITEM"",""official_product_type"":""ノベルティ商品"",""corroborating_tags"":[""ノベルティ商品""],""corroboration_status"":""OFFICIAL_PRODUCT_TYPE_AND_TAG"",""permanent_product_number_match"":true,""classification_does_not_depend_on_zero_price"":true}]",https://www.mikihouse.co.jp/products/19-1685-680
19-1689-682,エコバッグ付きランチボックス,EXCLUDED,NON_SELLABLE_SERVICE_OR_ADDON,"[{""reason"":""NON_SELLABLE_SERVICE_OR_ADDON"",""matched_fields"":[""product_type"",""tags""],""signal"":""explicit_official_cart_support_product_type"",""service_or_addon_kind"":""NOVELTY_OR_FREE_ITEM"",""official_product_type"":""ノベルティ商品"",""corroborating_tags"":[""ノベルティ商品""],""corroboration_status"":""OFFICIAL_PRODUCT_TYPE_AND_TAG"",""permanent_product_number_match"":true,""classification_does_not_depend_on_zero_price"":true}]",https://www.mikihouse.co.jp/products/19-1689-682
19-1693-681,五彩織りタオルブランケット,EXCLUDED,NON_SELLABLE_SERVICE_OR_ADDON,"[{""reason"":""NON_SELLABLE_SERVICE_OR_ADDON"",""matched_fields"":[""product_type"",""tags""],""signal"":""explicit_official_cart_support_product_type"",""service_or_addon_kind"":""NOVELTY_OR_FREE_ITEM"",""official_product_type"":""ノベルティ商品"",""corroborating_tags"":[""ノベルティ商品""],""corroboration_status"":""OFFICIAL_PRODUCT_TYPE_AND_TAG"",""permanent_product_number_match"":true,""classification_does_not_depend_on_zero_price"":true}]",https://www.mikihouse.co.jp/products/19-1693-681
19-1714-687,ミキハウスメイト,EXCLUDED,NON_SELLABLE_SERVICE_OR_ADDON,"[{""reason"":""NON_SELLABLE_SERVICE_OR_ADDON"",""matched_fields"":[""product_type"",""tags""],""signal"":""explicit_official_cart_support_product_type"",""service_or_addon_kind"":""NOVELTY_OR_FREE_ITEM"",""official_product_type"":""ノベルティ商品"",""corroborating_tags"":[""ノベルティ商品""],""corroboration_status"":""OFFICIAL_PRODUCT_TYPE_AND_TAG"",""permanent_product_number_match"":true,""classification_does_not_depend_on_zero_price"":true}]",https://www.mikihouse.co.jp/products/19-1714-687
19-1716-140,オリジナルピクニックシート,EXCLUDED,NON_SELLABLE_SERVICE_OR_ADDON,"[{""reason"":""NON_SELLABLE_SERVICE_OR_ADDON"",""matched_fields"":[""product_type"",""tags""],""signal"":""explicit_official_cart_support_product_type"",""service_or_addon_kind"":""NOVELTY_OR_FREE_ITEM"",""official_product_type"":""ノベルティ商品"",""corroborating_tags"":[""ノベルティ商品""],""corroboration_status"":""OFFICIAL_PRODUCT_TYPE_AND_TAG"",""permanent_product_number_match"":true,""classification_does_not_depend_on_zero_price"":true}]",https://www.mikihouse.co.jp/products/19-1716-140
19-1986-680,ロゴステッカー,EXCLUDED,NON_SELLABLE_SERVICE_OR_ADDON,"[{""reason"":""NON_SELLABLE_SERVICE_OR_ADDON"",""matched_fields"":[""product_type"",""tags""],""signal"":""explicit_official_cart_support_product_type"",""service_or_addon_kind"":""NOVELTY_OR_FREE_ITEM"",""official_product_type"":""ノベルティ商品"",""corroborating_tags"":[""ノベルティ商品""],""corroboration_status"":""OFFICIAL_PRODUCT_TYPE_AND_TAG"",""permanent_product_number_match"":true,""classification_does_not_depend_on_zero_price"":true}]",https://www.mikihouse.co.jp/products/19-1986-680
29-1034-571,チエコバルーン,EXCLUDED,NON_SELLABLE_SERVICE_OR_ADDON,"[{""reason"":""NON_SELLABLE_SERVICE_OR_ADDON"",""matched_fields"":[""product_type"",""tags""],""signal"":""explicit_official_cart_support_product_type"",""service_or_addon_kind"":""NOVELTY_OR_FREE_ITEM"",""official_product_type"":""ノベルティ商品"",""corroborating_tags"":[""ノベルティ商品""],""corroboration_status"":""OFFICIAL_PRODUCT_TYPE_AND_TAG"",""permanent_product_number_match"":true,""classification_does_not_depend_on_zero_price"":true}]",https://www.mikihouse.co.jp/products/29-1034-571
40-1277-496,【ゴールドレーベル】海島綿カバーオール,EXCLUDED,PDF_SPECIAL_LIST,"[{""reason"":""PDF_SPECIAL_LIST"",""matched_fields"":[""product_number""],""signal"":""exact_manifest_match""}]",https://www.mikihouse.co.jp/products/40-1277-496
40-1283-149,【ゴールドレーベル】海島綿プレオール,EXCLUDED,PDF_SPECIAL_LIST,"[{""reason"":""PDF_SPECIAL_LIST"",""matched_fields"":[""product_number""],""signal"":""exact_manifest_match""}]",https://www.mikihouse.co.jp/products/40-1283-149
40-1284-142,【ゴールドレーベル】海島綿カバーオール,EXCLUDED,PDF_SPECIAL_LIST,"[{""reason"":""PDF_SPECIAL_LIST"",""matched_fields"":[""product_number""],""signal"":""exact_manifest_match""}]",https://www.mikihouse.co.jp/products/40-1284-142
40-1286-148,【ゴールドレーベル】海島綿カバーオール,EXCLUDED,PDF_SPECIAL_LIST,"[{""reason"":""PDF_SPECIAL_LIST"",""matched_fields"":[""product_number""],""signal"":""exact_manifest_match""}]",https://www.mikihouse.co.jp/products/40-1286-148
40-1287-141,【ゴールドレーベル】海島綿プレオール,EXCLUDED,PDF_SPECIAL_LIST,"[{""reason"":""PDF_SPECIAL_LIST"",""matched_fields"":[""product_number""],""signal"":""exact_manifest_match""}]",https://www.mikihouse.co.jp/products/40-1287-141
40-1329-496,【ゴールドレーベル】海島綿ショートオール,EXCLUDED,PDF_SPECIAL_LIST,"[{""reason"":""PDF_SPECIAL_LIST"",""matched_fields"":[""product_number""],""signal"":""exact_manifest_match""}]",https://www.mikihouse.co.jp/products/40-1329-496
40-1330-144,【ゴールドレーベル】海島綿ショートオール,EXCLUDED,PDF_SPECIAL_LIST,"[{""reason"":""PDF_SPECIAL_LIST"",""matched_fields"":[""product_number""],""signal"":""exact_manifest_match""}]",https://www.mikihouse.co.jp/products/40-1330-144
40-1331-147,【ゴールドレーベル】海島綿ショートオール,EXCLUDED,PDF_SPECIAL_LIST,"[{""reason"":""PDF_SPECIAL_LIST"",""matched_fields"":[""product_number""],""signal"":""exact_manifest_match""}]",https://www.mikihouse.co.jp/products/40-1331-147
40-1590-687,【ゴールドレーベル】シルクフライス半袖ボディシャツ,EXCLUDED,PDF_SPECIAL_LIST,"[{""reason"":""PDF_SPECIAL_LIST"",""matched_fields"":[""product_number""],""signal"":""exact_manifest_match""}]",https://www.mikihouse.co.jp/products/40-1590-687
40-1591-680,【ゴールドレーベル】シルクフライス長袖ボディシャツ,EXCLUDED,PDF_SPECIAL_LIST,"[{""reason"":""PDF_SPECIAL_LIST"",""matched_fields"":[""product_number""],""signal"":""exact_manifest_match""}]",https://www.mikihouse.co.jp/products/40-1591-680
40-1955-147,【ゴールドレーベル】シルクレースセレモニードレスセット,EXCLUDED,PDF_SPECIAL_LIST,"[{""reason"":""PDF_SPECIAL_LIST"",""matched_fields"":[""product_number""],""signal"":""exact_manifest_match""}]",https://www.mikihouse.co.jp/products/40-1955-147
40-2109-497,【ゴールドレーベル】海島綿短肌着,EXCLUDED,PDF_SPECIAL_LIST,"[{""reason"":""PDF_SPECIAL_LIST"",""matched_fields"":[""product_number""],""signal"":""exact_manifest_match""}]",https://www.mikihouse.co.jp/products/40-2109-497
40-2110-688,【ゴールドレーベル】シルクフライス短肌着,EXCLUDED,PDF_SPECIAL_LIST,"[{""reason"":""PDF_SPECIAL_LIST"",""matched_fields"":[""product_number""],""signal"":""exact_manifest_match""}]",https://www.mikihouse.co.jp/products/40-2110-688
40-2122-148,【ゴールドレーベル】海島綿短肌着,EXCLUDED,PDF_SPECIAL_LIST,"[{""reason"":""PDF_SPECIAL_LIST"",""matched_fields"":[""product_number""],""signal"":""exact_manifest_match""}]",https://www.mikihouse.co.jp/products/40-2122-148
40-2123-141,【ゴールドレーベル】海島綿短肌着,EXCLUDED,PDF_SPECIAL_LIST,"[{""reason"":""PDF_SPECIAL_LIST"",""matched_fields"":[""product_number""],""signal"":""exact_manifest_match""}]",https://www.mikihouse.co.jp/products/40-2123-141
40-2323-491,【ゴールドレーベル】海島綿コンビ肌着,EXCLUDED,PDF_SPECIAL_LIST,"[{""reason"":""PDF_SPECIAL_LIST"",""matched_fields"":[""product_number""],""signal"":""exact_manifest_match""}]",https://www.mikihouse.co.jp/products/40-2323-491
40-2326-681,【ゴールドレーベル】シルクフライスコンビ肌着,EXCLUDED,PDF_SPECIAL_LIST,"[{""reason"":""PDF_SPECIAL_LIST"",""matched_fields"":[""product_number""],""signal"":""exact_manifest_match""}]",https://www.mikihouse.co.jp/products/40-2326-681
40-2337-148,【ゴールドレーベル】海島綿コンビ肌着,EXCLUDED,PDF_SPECIAL_LIST,"[{""reason"":""PDF_SPECIAL_LIST"",""matched_fields"":[""product_number""],""signal"":""exact_manifest_match""}]",https://www.mikihouse.co.jp/products/40-2337-148
40-2338-141,【ゴールドレーベル】海島綿コンビ肌着,EXCLUDED,PDF_SPECIAL_LIST,"[{""reason"":""PDF_SPECIAL_LIST"",""matched_fields"":[""product_number""],""signal"":""exact_manifest_match""}]",https://www.mikihouse.co.jp/products/40-2338-141
40-2484-686,【ゴールドレーベル】シルクフライスカバーオール肌着,EXCLUDED,PDF_SPECIAL_LIST,"[{""reason"":""PDF_SPECIAL_LIST"",""matched_fields"":[""product_number""],""signal"":""exact_manifest_match""}]",https://www.mikihouse.co.jp/products/40-2484-686
40-2691-149,【ゴールドレーベル】海島綿ツーウェイオール,EXCLUDED,PDF_SPECIAL_LIST,"[{""reason"":""PDF_SPECIAL_LIST"",""matched_fields"":[""product_number""],""signal"":""exact_manifest_match""}]",https://www.mikihouse.co.jp/products/40-2691-149
40-2693-145,【ゴールドレーベル】海島綿ツーウェイオール,EXCLUDED,PDF_SPECIAL_LIST,"[{""reason"":""PDF_SPECIAL_LIST"",""matched_fields"":[""product_number""],""signal"":""exact_manifest_match""}]",https://www.mikihouse.co.jp/products/40-2693-145
40-2694-148,【ゴールドレーベル】海島綿ツーウェイオール,EXCLUDED,PDF_SPECIAL_LIST,"[{""reason"":""PDF_SPECIAL_LIST"",""matched_fields"":[""product_number""],""signal"":""exact_manifest_match""}]",https://www.mikihouse.co.jp/products/40-2694-148
40-2913-498,【ゴールドレーベル】海島綿ミトン,EXCLUDED,PDF_SPECIAL_LIST,"[{""reason"":""PDF_SPECIAL_LIST"",""matched_fields"":[""product_number""],""signal"":""exact_manifest_match""}]",https://www.mikihouse.co.jp/products/40-2913-498
40-2914-491,【ゴールドレーベル】海島綿スタイ,EXCLUDED,PDF_SPECIAL_LIST,"[{""reason"":""PDF_SPECIAL_LIST"",""matched_fields"":[""product_number""],""signal"":""exact_manifest_match""}]",https://www.mikihouse.co.jp/products/40-2914-491
40-2936-149,【ゴールドレーベル】海島綿スタイ,EXCLUDED,PDF_SPECIAL_LIST,"[{""reason"":""PDF_SPECIAL_LIST"",""matched_fields"":[""product_number""],""signal"":""exact_manifest_match""}]",https://www.mikihouse.co.jp/products/40-2936-149
40-3818-572,【ゴールドレーベル】海島綿ベビーバスローブ,EXCLUDED,PDF_SPECIAL_LIST,"[{""reason"":""PDF_SPECIAL_LIST"",""matched_fields"":[""product_number""],""signal"":""exact_manifest_match""}]",https://www.mikihouse.co.jp/products/40-3818-572
40-5719-145,【ゴールドレーベル】海島綿胴着,EXCLUDED,PDF_SPECIAL_LIST,"[{""reason"":""PDF_SPECIAL_LIST"",""matched_fields"":[""product_number""],""signal"":""exact_manifest_match""}]",https://www.mikihouse.co.jp/products/40-5719-145
40-9101-142,【ゴールドレーベル】帽子,EXCLUDED,PDF_SPECIAL_LIST,"[{""reason"":""PDF_SPECIAL_LIST"",""matched_fields"":[""product_number""],""signal"":""exact_manifest_match""}]",https://www.mikihouse.co.jp/products/40-9101-142
40-9235-380,【WEB限定】無撚糸ベビーフード,EXCLUDED,WEB_EXCLUSIVE,"[{""reason"":""WEB_EXCLUSIVE"",""matched_fields"":[""description"",""description_html"",""name"",""tags""],""signal"":""explicit_web_exclusive_marker""}]",https://www.mikihouse.co.jp/products/40-9235-380
40-9236-383,【WEB限定】ベビーフード,EXCLUDED,WEB_EXCLUSIVE,"[{""reason"":""WEB_EXCLUSIVE"",""matched_fields"":[""name"",""tags""],""signal"":""explicit_web_exclusive_marker""}]",https://www.mikihouse.co.jp/products/40-9236-383
40-9239-498,【ゴールドレーベル】ベビーフード,EXCLUDED,PDF_SPECIAL_LIST,"[{""reason"":""PDF_SPECIAL_LIST"",""matched_fields"":[""product_number""],""signal"":""exact_manifest_match""}]",https://www.mikihouse.co.jp/products/40-9239-498
40-9246-144,【ゴールドレーベル】ベビーフード,EXCLUDED,PDF_SPECIAL_LIST,"[{""reason"":""PDF_SPECIAL_LIST"",""matched_fields"":[""product_number""],""signal"":""exact_manifest_match""}]",https://www.mikihouse.co.jp/products/40-9246-144
40-9613-140,【ゴールドレーベル】海島綿ベビーソックス,EXCLUDED,PDF_SPECIAL_LIST,"[{""reason"":""PDF_SPECIAL_LIST"",""matched_fields"":[""product_number""],""signal"":""exact_manifest_match""}]",https://www.mikihouse.co.jp/products/40-9613-140
41-1501-684,【ゴールドレーベル】シルクニット６分丈ロンパース,EXCLUDED,PDF_SPECIAL_LIST,"[{""reason"":""PDF_SPECIAL_LIST"",""matched_fields"":[""product_number""],""signal"":""exact_manifest_match""}]",https://www.mikihouse.co.jp/products/41-1501-684
41-2601-686,【ゴールドレーベル】シルクニットツーウェイオール,EXCLUDED,PDF_SPECIAL_LIST,"[{""reason"":""PDF_SPECIAL_LIST"",""matched_fields"":[""product_number""],""signal"":""exact_manifest_match""}]",https://www.mikihouse.co.jp/products/41-2601-686
41-9801-791,【ゴールドレーベル】シルクニットベビーパンツ,EXCLUDED,PDF_SPECIAL_LIST,"[{""reason"":""PDF_SPECIAL_LIST"",""matched_fields"":[""product_number""],""signal"":""exact_manifest_match""}]",https://www.mikihouse.co.jp/products/41-9801-791
42-2602-143,【ゴールドレーベル】リネンツーウェイミニ,EXCLUDED,PDF_SPECIAL_LIST,"[{""reason"":""PDF_SPECIAL_LIST"",""matched_fields"":[""product_number""],""signal"":""exact_manifest_match""}]",https://www.mikihouse.co.jp/products/42-2602-143
43-1501-497,【ゴールドレーベル】ベビーカシミヤロンパース,EXCLUDED,PDF_SPECIAL_LIST,"[{""reason"":""PDF_SPECIAL_LIST"",""matched_fields"":[""product_number""],""signal"":""exact_manifest_match""}]",https://www.mikihouse.co.jp/products/43-1501-497
43-2601-574,【ゴールドレーベル】ポーランドグースダウンツーウェイオール,EXCLUDED,PDF_SPECIAL_LIST,"[{""reason"":""PDF_SPECIAL_LIST"",""matched_fields"":[""product_number""],""signal"":""exact_manifest_match""}]",https://www.mikihouse.co.jp/products/43-2601-574
43-2901-496,【ゴールドレーベル】ベビーカシミヤスタイ,EXCLUDED,PDF_SPECIAL_LIST,"[{""reason"":""PDF_SPECIAL_LIST"",""matched_fields"":[""product_number""],""signal"":""exact_manifest_match""}]",https://www.mikihouse.co.jp/products/43-2901-496
43-4801-141,【ゴールドレーベル】アラシャンカシミヤ マント,EXCLUDED,PDF_SPECIAL_LIST,"[{""reason"":""PDF_SPECIAL_LIST"",""matched_fields"":[""product_number""],""signal"":""exact_manifest_match""}]",https://www.mikihouse.co.jp/products/43-4801-141
43-4801-493,【ゴールドレーベル】ベビーカシミヤマント,EXCLUDED,PDF_SPECIAL_LIST,"[{""reason"":""PDF_SPECIAL_LIST"",""matched_fields"":[""product_number""],""signal"":""exact_manifest_match""}]",https://www.mikihouse.co.jp/products/43-4801-493
43-4801-684,【ゴールドレーベル】ビキューナ×ベビーカシミヤ マント,EXCLUDED,PDF_SPECIAL_LIST,"[{""reason"":""PDF_SPECIAL_LIST"",""matched_fields"":[""product_number""],""signal"":""exact_manifest_match""}]",https://www.mikihouse.co.jp/products/43-4801-684
43-9102-795,【ゴールドレーベル】ニットフード,EXCLUDED,PDF_SPECIAL_LIST,"[{""reason"":""PDF_SPECIAL_LIST"",""matched_fields"":[""product_number""],""signal"":""exact_manifest_match""}]",https://www.mikihouse.co.jp/products/43-9102-795
43-9203-490,【ゴールドレーベル】ニットフード,EXCLUDED,PDF_SPECIAL_LIST,"[{""reason"":""PDF_SPECIAL_LIST"",""matched_fields"":[""product_number""],""signal"":""exact_manifest_match""}]",https://www.mikihouse.co.jp/products/43-9203-490
43-9801-146,【ゴールドレーベル】アラシャンカシミヤ ベビーパンツ,EXCLUDED,PDF_SPECIAL_LIST,"[{""reason"":""PDF_SPECIAL_LIST"",""matched_fields"":[""product_number""],""signal"":""exact_manifest_match""}]",https://www.mikihouse.co.jp/products/43-9801-146
43-9801-498,【ゴールドレーベル】ベビーカシミヤレッグウォーマー,EXCLUDED,PDF_SPECIAL_LIST,"[{""reason"":""PDF_SPECIAL_LIST"",""matched_fields"":[""product_number""],""signal"":""exact_manifest_match""}]",https://www.mikihouse.co.jp/products/43-9801-498
44-9901-142,【WEB限定】ギフト おでかけポンチョセット【BOX付き】,EXCLUDED,WEB_EXCLUSIVE,"[{""reason"":""WEB_EXCLUSIVE"",""matched_fields"":[""name"",""tags""],""signal"":""explicit_web_exclusive_marker""}]",https://www.mikihouse.co.jp/products/44-9901-142
44-9901-685,【WEB限定】ギフト　コットンスリーパーセット【BOX付き】,EXCLUDED,WEB_EXCLUSIVE,"[{""reason"":""WEB_EXCLUSIVE"",""matched_fields"":[""name"",""tags""],""signal"":""explicit_web_exclusive_marker""}]",https://www.mikihouse.co.jp/products/44-9901-685
44-9903-681,【WEB限定】ギフト　カバーオールセット【BOX付き】,EXCLUDED,WEB_EXCLUSIVE,"[{""reason"":""WEB_EXCLUSIVE"",""matched_fields"":[""name"",""tags""],""signal"":""explicit_web_exclusive_marker""}]",https://www.mikihouse.co.jp/products/44-9903-681
44-9906-680,【WEB限定】ギフト バスタオル・ラトルセット【BOX付き】,EXCLUDED,WEB_EXCLUSIVE,"[{""reason"":""WEB_EXCLUSIVE"",""matched_fields"":[""name"",""tags""],""signal"":""explicit_web_exclusive_marker""}]",https://www.mikihouse.co.jp/products/44-9906-680
44-9915-141,【WEB限定】ギフト カバーオールセット【BOX付き】,EXCLUDED,WEB_EXCLUSIVE,"[{""reason"":""WEB_EXCLUSIVE"",""matched_fields"":[""name""],""signal"":""explicit_web_exclusive_marker""}]",https://www.mikihouse.co.jp/products/44-9915-141
44-9915-493,【WEB限定】エプロンスカートセット【BOX付き】,EXCLUDED,WEB_EXCLUSIVE,"[{""reason"":""WEB_EXCLUSIVE"",""matched_fields"":[""name"",""tags""],""signal"":""explicit_web_exclusive_marker""}]",https://www.mikihouse.co.jp/products/44-9915-493
44-9916-144,【WEB限定】ギフト トレーナーセット【BOX付き】,EXCLUDED,WEB_EXCLUSIVE,"[{""reason"":""WEB_EXCLUSIVE"",""matched_fields"":[""name"",""tags""],""signal"":""explicit_web_exclusive_marker""}]",https://www.mikihouse.co.jp/products/44-9916-144
44-9919-143,【WEB限定】ギフト ガーゼバスタオル・歯がためセット【BOX付き】,EXCLUDED,WEB_EXCLUSIVE,"[{""reason"":""WEB_EXCLUSIVE"",""matched_fields"":[""name"",""tags""],""signal"":""explicit_web_exclusive_marker""}]",https://www.mikihouse.co.jp/products/44-9919-143
44-9920-143,【WEB限定】ギフト ガーゼバスタオル・歯がためセット【BOX付き】,EXCLUDED,WEB_EXCLUSIVE,"[{""reason"":""WEB_EXCLUSIVE"",""matched_fields"":[""name"",""tags""],""signal"":""explicit_web_exclusive_marker""}]",https://www.mikihouse.co.jp/products/44-9920-143
44-9939-796,【WEB限定】ギフト　ボディシャツセット【BOX付き】,EXCLUDED,WEB_EXCLUSIVE,"[{""reason"":""WEB_EXCLUSIVE"",""matched_fields"":[""name"",""tags""],""signal"":""explicit_web_exclusive_marker""}]",https://www.mikihouse.co.jp/products/44-9939-796
44-9940-796,【WEB限定】ギフト　ボディシャツセット【BOX付き】,EXCLUDED,WEB_EXCLUSIVE,"[{""reason"":""WEB_EXCLUSIVE"",""matched_fields"":[""name"",""tags""],""signal"":""explicit_web_exclusive_marker""}]",https://www.mikihouse.co.jp/products/44-9940-796
44-9941-799,【WEB限定】ギフト　甚平オールセット【BOX付き】,EXCLUDED,WEB_EXCLUSIVE,"[{""reason"":""WEB_EXCLUSIVE"",""matched_fields"":[""name"",""tags""],""signal"":""explicit_web_exclusive_marker""}]",https://www.mikihouse.co.jp/products/44-9941-799
44-9942-792,【WEB限定】ギフト　カバーオールセット【BOX付き】,EXCLUDED,WEB_EXCLUSIVE,"[{""reason"":""WEB_EXCLUSIVE"",""matched_fields"":[""name"",""tags""],""signal"":""explicit_web_exclusive_marker""}]",https://www.mikihouse.co.jp/products/44-9942-792
44-9961-496,【WEB限定】コットンスリーパー・ガーゼハンカチセット【BOX付き】,EXCLUDED,WEB_EXCLUSIVE,"[{""reason"":""WEB_EXCLUSIVE"",""matched_fields"":[""name"",""tags""],""signal"":""explicit_web_exclusive_marker""}]",https://www.mikihouse.co.jp/products/44-9961-496
44-9978-685,【WEB限定】ギフト マルチケットセット【BOX付き】,EXCLUDED,WEB_EXCLUSIVE,"[{""reason"":""WEB_EXCLUSIVE"",""matched_fields"":[""name"",""tags""],""signal"":""explicit_web_exclusive_marker""}]",https://www.mikihouse.co.jp/products/44-9978-685
44-9980-688,【WEB限定】ギフト スタイ・ラトルセット【BOX付き】,EXCLUDED,WEB_EXCLUSIVE,"[{""reason"":""WEB_EXCLUSIVE"",""matched_fields"":[""name"",""tags""],""signal"":""explicit_web_exclusive_marker""}]",https://www.mikihouse.co.jp/products/44-9980-688
44-9982-684,【WEB限定】UV対策 ベビー帽子・カーディガンセット,EXCLUDED,WEB_EXCLUSIVE,"[{""reason"":""WEB_EXCLUSIVE"",""matched_fields"":[""name"",""tags""],""signal"":""explicit_web_exclusive_marker""}]",https://www.mikihouse.co.jp/products/44-9982-684
44-9986-686,【WEB限定】ギフト スタイセット【BOX付き】,EXCLUDED,WEB_EXCLUSIVE,"[{""reason"":""WEB_EXCLUSIVE"",""matched_fields"":[""name"",""tags""],""signal"":""explicit_web_exclusive_marker""}]",https://www.mikihouse.co.jp/products/44-9986-686
45-6055-498,【ゴールドレーベル】海島綿アフガン,EXCLUDED,PDF_SPECIAL_LIST,"[{""reason"":""PDF_SPECIAL_LIST"",""matched_fields"":[""product_number""],""signal"":""exact_manifest_match""}]",https://www.mikihouse.co.jp/products/45-6055-498
45-6077-146,【ゴールドレーベル】海島綿アフガン,EXCLUDED,PDF_SPECIAL_LIST,"[{""reason"":""PDF_SPECIAL_LIST"",""matched_fields"":[""product_number""],""signal"":""exact_manifest_match""}]",https://www.mikihouse.co.jp/products/45-6077-146
45-6079-142,【ゴールドレーベル】アラシャンカシミヤ アフガン,EXCLUDED,PDF_SPECIAL_LIST,"[{""reason"":""PDF_SPECIAL_LIST"",""matched_fields"":[""product_number""],""signal"":""exact_manifest_match""}]",https://www.mikihouse.co.jp/products/45-6079-142
46-1272-264,【WEB限定】ソフトプレイジム,EXCLUDED,WEB_EXCLUSIVE,"[{""reason"":""WEB_EXCLUSIVE"",""matched_fields"":[""description"",""description_html"",""name"",""tags""],""signal"":""explicit_web_exclusive_marker""}]",https://www.mikihouse.co.jp/products/46-1272-264
46-1315-796,【ゴールドレーベル】海島綿ラトル,EXCLUDED,PDF_SPECIAL_LIST,"[{""reason"":""PDF_SPECIAL_LIST"",""matched_fields"":[""product_number""],""signal"":""exact_manifest_match""}]",https://www.mikihouse.co.jp/products/46-1315-796
46-7131-385,ベビースプーン,EXCLUDED,PDF_SPECIAL_LIST,"[{""reason"":""PDF_SPECIAL_LIST"",""matched_fields"":[""product_number""],""signal"":""exact_manifest_match""}]",https://www.mikihouse.co.jp/products/46-7131-385
46-7132-579,【ゴールドレーベル】ホワイトボーンチャイナ　リム皿,EXCLUDED,PDF_SPECIAL_LIST,"[{""reason"":""PDF_SPECIAL_LIST"",""matched_fields"":[""product_number""],""signal"":""exact_manifest_match""}]",https://www.mikihouse.co.jp/products/46-7132-579
46-7133-572,【ゴールドレーベル】ホワイトボーンチャイナ ベビースプーン,EXCLUDED,PDF_SPECIAL_LIST,"[{""reason"":""PDF_SPECIAL_LIST"",""matched_fields"":[""product_number""],""signal"":""exact_manifest_match""}]",https://www.mikihouse.co.jp/products/46-7133-572
46-7134-575,【ゴールドレーベル】ホワイトボーンチャイナ ボウル（10cm）,EXCLUDED,PDF_SPECIAL_LIST,"[{""reason"":""PDF_SPECIAL_LIST"",""matched_fields"":[""product_number""],""signal"":""exact_manifest_match""}]",https://www.mikihouse.co.jp/products/46-7134-575
46-7135-578,【ゴールドレーベル】ホワイトボーンチャイナ 浅ボウル（11cm）,EXCLUDED,PDF_SPECIAL_LIST,"[{""reason"":""PDF_SPECIAL_LIST"",""matched_fields"":[""product_number""],""signal"":""exact_manifest_match""}]",https://www.mikihouse.co.jp/products/46-7135-578
46-7136-571,【ゴールドレーベル】ホワイトボーンチャイナ ライスボウル（10cm）,EXCLUDED,PDF_SPECIAL_LIST,"[{""reason"":""PDF_SPECIAL_LIST"",""matched_fields"":[""product_number""],""signal"":""exact_manifest_match""}]",https://www.mikihouse.co.jp/products/46-7136-571
46-7137-574,【ゴールドレーベル】ホワイトボーンチャイナ スープ碗,EXCLUDED,PDF_SPECIAL_LIST,"[{""reason"":""PDF_SPECIAL_LIST"",""matched_fields"":[""product_number""],""signal"":""exact_manifest_match""}]",https://www.mikihouse.co.jp/products/46-7137-574
46-7138-577,【ゴールドレーベル】ホワイトボーンチャイナ オーバルプレート,EXCLUDED,PDF_SPECIAL_LIST,"[{""reason"":""PDF_SPECIAL_LIST"",""matched_fields"":[""product_number""],""signal"":""exact_manifest_match""}]",https://www.mikihouse.co.jp/products/46-7138-577
46-8365-495,【ゴールドレーベル】ベビーカシミヤブランケット【箱入】,EXCLUDED,PDF_SPECIAL_LIST,"[{""reason"":""PDF_SPECIAL_LIST"",""matched_fields"":[""product_number""],""signal"":""exact_manifest_match""}]",https://www.mikihouse.co.jp/products/46-8365-495
46-8395-687,【ゴールドレーベル】ビキューナ×ベビーカシミヤ ブランケット,EXCLUDED,PDF_SPECIAL_LIST,"[{""reason"":""PDF_SPECIAL_LIST"",""matched_fields"":[""product_number""],""signal"":""exact_manifest_match""}]",https://www.mikihouse.co.jp/products/46-8395-687
46-8437-796,【ゴールドレーベル】海島綿ガーゼハンカチ,EXCLUDED,PDF_SPECIAL_LIST,"[{""reason"":""PDF_SPECIAL_LIST"",""matched_fields"":[""product_number""],""signal"":""exact_manifest_match""}]",https://www.mikihouse.co.jp/products/46-8437-796
46-8438-799,【ゴールドレーベル】海島綿ガーゼバスタオル,EXCLUDED,PDF_SPECIAL_LIST,"[{""reason"":""PDF_SPECIAL_LIST"",""matched_fields"":[""product_number""],""signal"":""exact_manifest_match""}]",https://www.mikihouse.co.jp/products/46-8438-799
46-8439-792,【ゴールドレーベル】海島綿ガーゼスリーパー,EXCLUDED,PDF_SPECIAL_LIST,"[{""reason"":""PDF_SPECIAL_LIST"",""matched_fields"":[""product_number""],""signal"":""exact_manifest_match""}]",https://www.mikihouse.co.jp/products/46-8439-792
49-1029-737,バスケット,EXCLUDED,NON_SELLABLE_SERVICE_OR_ADDON,"[{""reason"":""NON_SELLABLE_SERVICE_OR_ADDON"",""matched_fields"":[""product_type"",""tags""],""signal"":""explicit_official_cart_support_product_type"",""service_or_addon_kind"":""NOVELTY_OR_FREE_ITEM"",""official_product_type"":""ノベルティ商品"",""corroborating_tags"":[""ノベルティ商品""],""corroboration_status"":""OFFICIAL_PRODUCT_TYPE_AND_TAG"",""permanent_product_number_match"":true,""classification_does_not_depend_on_zero_price"":true}]",https://www.mikihouse.co.jp/products/49-1029-737
49-1040-956,命名紙,EXCLUDED,NON_SELLABLE_SERVICE_OR_ADDON,"[{""reason"":""NON_SELLABLE_SERVICE_OR_ADDON"",""matched_fields"":[""product_type"",""tags""],""signal"":""explicit_official_cart_support_product_type"",""service_or_addon_kind"":""NOVELTY_OR_FREE_ITEM"",""official_product_type"":""ノベルティ商品"",""corroborating_tags"":[""ノベルティ商品""],""corroboration_status"":""OFFICIAL_PRODUCT_TYPE_AND_TAG"",""permanent_product_number_match"":true,""classification_does_not_depend_on_zero_price"":true}]",https://www.mikihouse.co.jp/products/49-1040-956
49-1043-788,おむつストッカー,EXCLUDED,NON_SELLABLE_SERVICE_OR_ADDON,"[{""reason"":""NON_SELLABLE_SERVICE_OR_ADDON"",""matched_fields"":[""product_type"",""tags""],""signal"":""explicit_official_cart_support_product_type"",""service_or_addon_kind"":""NOVELTY_OR_FREE_ITEM"",""official_product_type"":""ノベルティ商品"",""corroborating_tags"":[""ノベルティ商品""],""corroboration_status"":""OFFICIAL_PRODUCT_TYPE_AND_TAG"",""permanent_product_number_match"":true,""classification_does_not_depend_on_zero_price"":true}]",https://www.mikihouse.co.jp/products/49-1043-788
63-8202-829,【WEB限定】ベビーリュック,EXCLUDED,WEB_EXCLUSIVE,"[{""reason"":""WEB_EXCLUSIVE"",""matched_fields"":[""name"",""tags""],""signal"":""explicit_web_exclusive_marker""}]",https://www.mikihouse.co.jp/products/63-8202-829
64-9975-790,【WEB限定】ギフト　マントセット【BOX付き】,EXCLUDED,WEB_EXCLUSIVE,"[{""reason"":""WEB_EXCLUSIVE"",""matched_fields"":[""name"",""tags""],""signal"":""explicit_web_exclusive_marker""}]",https://www.mikihouse.co.jp/products/64-9975-790
69-1085-148,アクリルキーホルダー,EXCLUDED,NON_SELLABLE_SERVICE_OR_ADDON,"[{""reason"":""NON_SELLABLE_SERVICE_OR_ADDON"",""matched_fields"":[""product_type"",""tags""],""signal"":""explicit_official_cart_support_product_type"",""service_or_addon_kind"":""NOVELTY_OR_FREE_ITEM"",""official_product_type"":""ノベルティ商品"",""corroborating_tags"":[""ノベルティ商品""],""corroboration_status"":""OFFICIAL_PRODUCT_TYPE_AND_TAG"",""permanent_product_number_match"":true,""classification_does_not_depend_on_zero_price"":true}]",https://www.mikihouse.co.jp/products/69-1085-148
99-9999-000,ギフトラッピング,EXCLUDED,NON_SELLABLE_SERVICE_OR_ADDON,"[{""reason"":""NON_SELLABLE_SERVICE_OR_ADDON"",""matched_fields"":[""product_type"",""tags""],""signal"":""explicit_official_cart_support_product_type"",""service_or_addon_kind"":""GIFT_WRAPPING_ADDON"",""official_product_type"":""ギフトラッピング商品"",""corroborating_tags"":[""ギフトラッピング商品"",""手数料商品""],""corroboration_status"":""OFFICIAL_PRODUCT_TYPE_AND_TAG"",""permanent_product_number_match"":true,""classification_does_not_depend_on_zero_price"":true}]",https://www.mikihouse.co.jp/products/99-9999-000
99-9999-118,①ご出産祝い,EXCLUDED,NON_SELLABLE_SERVICE_OR_ADDON,"[{""reason"":""NON_SELLABLE_SERVICE_OR_ADDON"",""matched_fields"":[""product_type"",""tags""],""signal"":""explicit_official_cart_support_product_type"",""service_or_addon_kind"":""MESSAGE_CARD_ADDON"",""official_product_type"":""メッセージカード商品"",""corroborating_tags"":[""メッセージカード"",""手数料商品""],""corroboration_status"":""OFFICIAL_PRODUCT_TYPE_AND_TAG"",""permanent_product_number_match"":true,""classification_does_not_depend_on_zero_price"":true}]",https://www.mikihouse.co.jp/products/99-9999-118
99-9999-119,②Baby Gift,EXCLUDED,NON_SELLABLE_SERVICE_OR_ADDON,"[{""reason"":""NON_SELLABLE_SERVICE_OR_ADDON"",""matched_fields"":[""product_type"",""tags""],""signal"":""explicit_official_cart_support_product_type"",""service_or_addon_kind"":""MESSAGE_CARD_ADDON"",""official_product_type"":""メッセージカード商品"",""corroborating_tags"":[""メッセージカード"",""手数料商品""],""corroboration_status"":""OFFICIAL_PRODUCT_TYPE_AND_TAG"",""permanent_product_number_match"":true,""classification_does_not_depend_on_zero_price"":true}]",https://www.mikihouse.co.jp/products/99-9999-119
99-9999-120,③おめでとう,EXCLUDED,NON_SELLABLE_SERVICE_OR_ADDON,"[{""reason"":""NON_SELLABLE_SERVICE_OR_ADDON"",""matched_fields"":[""product_type"",""tags""],""signal"":""explicit_official_cart_support_product_type"",""service_or_addon_kind"":""MESSAGE_CARD_ADDON"",""official_product_type"":""メッセージカード商品"",""corroborating_tags"":[""メッセージカード"",""手数料商品""],""corroboration_status"":""OFFICIAL_PRODUCT_TYPE_AND_TAG"",""permanent_product_number_match"":true,""classification_does_not_depend_on_zero_price"":true}]",https://www.mikihouse.co.jp/products/99-9999-120
99-9999-121,④お誕生日祝い,EXCLUDED,NON_SELLABLE_SERVICE_OR_ADDON,"[{""reason"":""NON_SELLABLE_SERVICE_OR_ADDON"",""matched_fields"":[""product_type"",""tags""],""signal"":""explicit_official_cart_support_product_type"",""service_or_addon_kind"":""MESSAGE_CARD_ADDON"",""official_product_type"":""メッセージカード商品"",""corroborating_tags"":[""メッセージカード"",""手数料商品""],""corroboration_status"":""OFFICIAL_PRODUCT_TYPE_AND_TAG"",""permanent_product_number_match"":true,""classification_does_not_depend_on_zero_price"":true}]",https://www.mikihouse.co.jp/products/99-9999-121
99-9999-122,⑤無地,EXCLUDED,NON_SELLABLE_SERVICE_OR_ADDON,"[{""reason"":""NON_SELLABLE_SERVICE_OR_ADDON"",""matched_fields"":[""product_type"",""tags""],""signal"":""explicit_official_cart_support_product_type"",""service_or_addon_kind"":""MESSAGE_CARD_ADDON"",""official_product_type"":""メッセージカード商品"",""corroborating_tags"":[""メッセージカード"",""手数料商品""],""corroboration_status"":""OFFICIAL_PRODUCT_TYPE_AND_TAG"",""permanent_product_number_match"":true,""classification_does_not_depend_on_zero_price"":true}]",https://www.mikihouse.co.jp/products/99-9999-122
